datetime,count_predicted
05-06-2012 5:00,30
19-03-2011 19:00,112
02-04-2012 6:00,87
13-07-2012 20:00,365
09-11-2011 19:00,275
10-03-2012 0:00,68
19-05-2011 13:00,176
01-05-2011 8:00,122
07-07-2012 8:00,178
07-05-2011 16:00,408
09-04-2011 11:00,175
16-06-2011 04:00,5
13-07-2012 22:00,289
02-03-2012 14:00,194
18-05-2012 15:00,377
14-12-2011 22:00,102
17-02-2012 19:00,285
15-04-2012 18:00,487
06-10-2012 23:00,173
17-07-2012 00:00,44
13-09-2012 11:00,252
13-01-2012 07:00,229
11-08-2012 8:00,198
17-09-2011 08:00,103
04-11-2011 11:00,157
01-10-2011 11:00,140
03-03-2011 12:00,70
05-12-2012 19:00,347
18-06-2012 23:00,83
19-09-2012 18:00,910
08-11-2011 19:00,293
18-02-2011 13:00,189
07-11-2011 10:00,134
10-08-2011 14:00,185
02-05-2012 0:00,44
14-01-2011 14:00,62
17-07-2011 01:00,84
14-07-2011 15:00,180
04-03-2011 3:00,2
18-12-2012 15:00,259
14-12-2012 10:00,194
14-05-2011 03:00,30
19-03-2012 23:00,74
08-01-2011 5:00,4
13-08-2011 06:00,30
04-08-2011 2:00,9
03-02-2012 5:00,24
16-12-2012 21:00,118
04-01-2011 9:00,103
06-04-2011 1:00,11
09-03-2012 11:00,211
12-10-2012 20:00,319
14-06-2011 20:00,283
06-12-2012 2:00,7
03-12-2012 2:00,10
10-07-2011 17:00,369
09-01-2012 22:00,74
10-01-2012 17:00,490
07-08-2012 4:00,5
17-01-2011 04:00,3
03-05-2011 15:00,166
08-04-2012 7:00,58
04-07-2011 5:00,10
13-01-2011 14:00,62
18-08-2012 23:00,191
11-12-2012 0:00,29
11-03-2012 9:00,144
18-03-2012 08:00,120
06-12-2011 3:00,4
05-11-2011 14:00,350
10-10-2012 11:00,243
02-11-2011 20:00,192
18-07-2011 21:00,200
09-03-2011 15:00,89
10-12-2012 17:00,601
02-01-2011 20:00,33
01-10-2012 10:00,208
17-07-2012 14:00,219
07-03-2012 15:00,204
09-02-2011 22:00,41
16-01-2011 01:00,27
19-02-2012 12:00,240
09-02-2011 2:00,3
06-09-2011 9:00,178
11-06-2011 8:00,121
08-02-2011 2:00,5
15-08-2012 14:00,256
17-05-2011 12:00,153
03-04-2012 18:00,760
14-05-2011 07:00,71
06-01-2011 8:00,175
04-05-2011 22:00,107
14-08-2011 18:00,353
01-12-2012 18:00,300
11-01-2011 17:00,125
10-02-2011 17:00,164
08-02-2011 23:00,23
13-03-2011 04:00,5
18-06-2012 15:00,251
16-04-2012 18:00,504
05-09-2011 10:00,289
17-09-2012 05:00,42
05-12-2011 19:00,273
10-01-2011 1:00,3
08-05-2012 8:00,647
08-07-2011 16:00,264
06-09-2012 7:00,466
06-11-2012 17:00,591
05-03-2012 20:00,155
01-10-2011 13:00,202
17-04-2011 14:00,341
18-08-2012 11:00,558
03-09-2012 22:00,148
13-03-2011 08:00,23
12-05-2011 8:00,432
10-10-2011 11:00,328
11-04-2012 10:00,171
15-05-2011 09:00,169
06-10-2011 17:00,583
12-06-2011 7:00,45
15-04-2011 20:00,111
05-04-2012 14:00,250
13-04-2012 14:00,350
10-05-2012 8:00,651
02-02-2011 15:00,89
09-03-2011 9:00,137
19-05-2012 20:00,314
11-07-2012 18:00,773
18-04-2012 02:00,9
19-09-2012 13:00,310
04-11-2012 20:00,170
15-12-2012 11:00,413
08-04-2012 3:00,29
11-09-2011 0:00,109
16-12-2012 11:00,303
03-03-2012 15:00,481
03-11-2011 12:00,179
15-01-2012 01:00,57
07-10-2011 1:00,19
07-11-2011 0:00,20
04-03-2011 18:00,201
14-03-2012 12:00,248
11-05-2012 4:00,15
16-12-2012 07:00,51
01-03-2011 11:00,72
12-01-2012 5:00,15
13-08-2011 21:00,130
19-11-2012 01:00,13
09-09-2012 12:00,672
06-09-2011 16:00,143
17-08-2012 14:00,351
16-08-2011 07:00,322
01-04-2011 6:00,40
03-06-2012 17:00,579
09-01-2012 17:00,171
18-10-2012 04:00,7
02-06-2012 21:00,292
02-12-2011 17:00,423
02-08-2012 14:00,267
03-12-2011 5:00,4
12-10-2012 19:00,365
02-05-2012 17:00,610
07-11-2012 14:00,191
05-04-2012 3:00,5
03-06-2012 12:00,634
01-04-2011 3:00,7
04-01-2011 5:00,8
06-04-2012 3:00,12
09-07-2012 18:00,762
17-08-2012 22:00,157
17-11-2012 14:00,515
19-03-2012 21:00,255
05-01-2012 15:00,135
17-02-2011 03:00,3
13-04-2011 04:00,3
18-11-2011 04:00,8
12-09-2011 6:00,110
13-12-2011 08:00,356
06-01-2011 21:00,48
11-11-2011 18:00,307
08-03-2012 16:00,353
05-09-2012 18:00,823
09-03-2011 9:00,139
02-06-2011 9:00,222
19-03-2012 14:00,249
10-11-2012 2:00,60
18-12-2012 21:00,179
02-05-2011 4:00,19
08-05-2011 4:00,14
17-08-2012 01:00,46
14-11-2011 23:00,69
15-11-2011 05:00,29
09-01-2012 23:00,32
10-11-2012 5:00,9
03-12-2011 14:00,301
08-03-2011 14:00,97
08-09-2012 15:00,440
13-08-2012 09:00,357
04-05-2011 6:00,58
17-03-2011 21:00,90
01-04-2012 2:00,61
15-03-2012 17:00,730
05-05-2012 10:00,425
11-10-2012 14:00,331
14-06-2012 05:00,31
01-08-2011 5:00,24
03-08-2011 3:00,7
09-06-2011 6:00,120
08-08-2011 17:00,539
16-04-2011 22:00,52
13-01-2011 05:00,4
07-04-2012 20:00,245
06-08-2012 1:00,21
08-07-2012 0:00,153
04-11-2011 12:00,197
08-04-2011 13:00,61
13-02-2011 17:00,128
01-08-2011 7:00,305
10-06-2011 1:00,35
11-03-2011 9:00,157
12-06-2012 18:00,437
15-05-2011 15:00,388
01-10-2011 12:00,222
08-01-2011 23:00,27
12-06-2012 0:00,48
07-04-2012 16:00,558
01-05-2012 8:00,558
14-09-2012 08:00,727
01-05-2011 17:00,245
04-11-2012 23:00,69
13-01-2012 09:00,172
06-01-2012 21:00,140
15-07-2011 21:00,218
13-05-2011 03:00,7
11-12-2012 23:00,116
09-06-2012 16:00,476
16-02-2012 22:00,118
10-12-2011 16:00,238
10-07-2012 16:00,399
02-10-2011 3:00,19
04-08-2011 3:00,5
11-07-2011 15:00,147
12-04-2012 20:00,269
05-01-2012 3:00,6
10-02-2011 20:00,82
13-06-2012 13:00,307
03-12-2011 6:00,11
19-11-2011 07:00,40
07-03-2011 6:00,34
17-04-2012 08:00,656
13-10-2012 17:00,494
11-05-2012 4:00,10
12-02-2011 7:00,20
09-04-2012 5:00,31
10-12-2011 9:00,133
06-12-2011 21:00,135
18-12-2012 00:00,36
05-06-2011 5:00,12
17-09-2011 11:00,310
12-12-2012 5:00,36
10-12-2011 20:00,111
13-04-2012 10:00,226
19-10-2011 02:00,7
19-02-2011 00:00,72
07-03-2012 4:00,3
14-10-2011 16:00,362
17-01-2012 21:00,176
13-08-2012 02:00,13
19-02-2011 06:00,11
03-08-2011 6:00,76
15-04-2012 08:00,143
08-02-2011 3:00,11
16-01-2011 10:00,71
12-12-2012 21:00,152
02-08-2012 9:00,344
17-12-2012 05:00,33
01-09-2011 2:00,13
19-04-2012 00:00,33
19-02-2011 18:00,91
05-04-2011 16:00,141
08-06-2011 18:00,478
18-10-2011 18:00,508
19-02-2012 23:00,37
09-01-2011 10:00,64
16-02-2011 01:00,5
13-12-2012 00:00,38
01-06-2012 16:00,496
18-03-2011 07:00,135
16-12-2012 04:00,10
05-05-2012 0:00,145
16-08-2012 19:00,598
06-08-2011 16:00,262
02-04-2012 6:00,96
13-01-2012 19:00,216
08-05-2011 19:00,287
08-08-2011 15:00,161
04-11-2011 4:00,6
01-08-2012 22:00,259
16-02-2012 06:00,93
16-01-2012 04:00,2
01-07-2012 3:00,34
18-06-2011 23:00,126
13-10-2011 06:00,69
02-01-2011 0:00,65
05-08-2011 0:00,64
03-10-2012 15:00,284
18-09-2012 09:00,335
09-10-2012 19:00,474
04-10-2012 9:00,326
10-08-2011 16:00,282
07-05-2012 5:00,27
04-02-2012 5:00,5
08-04-2012 4:00,17
02-07-2012 13:00,256
06-12-2011 16:00,102
03-10-2011 20:00,166
01-03-2012 22:00,129
10-05-2012 10:00,172
02-09-2011 20:00,232
01-09-2011 11:00,158
05-02-2012 6:00,11
07-06-2011 21:00,202
05-11-2011 22:00,106
07-04-2011 14:00,144
17-05-2012 02:00,21
07-02-2012 14:00,164
09-02-2012 0:00,15
12-02-2011 9:00,47
02-06-2011 23:00,122
09-11-2011 14:00,166
12-09-2012 10:00,211
12-03-2012 6:00,87
10-05-2012 3:00,5
19-01-2012 00:00,12
10-06-2012 22:00,172
04-11-2011 20:00,158
04-01-2012 13:00,79
02-09-2011 5:00,21
19-02-2011 16:00,151
03-05-2012 18:00,719
15-12-2012 23:00,119
01-05-2012 10:00,159
05-06-2012 20:00,385
01-01-2011 12:00,98
14-06-2012 02:00,9
01-07-2012 23:00,114
11-06-2012 22:00,217
16-05-2012 18:00,837
13-03-2011 00:00,52
12-06-2012 0:00,46
09-03-2012 14:00,207
07-10-2011 0:00,47
05-10-2011 21:00,177
11-02-2011 5:00,9
13-10-2012 00:00,112
07-11-2012 18:00,495
02-01-2012 19:00,152
03-12-2012 7:00,383
05-08-2012 17:00,474
14-03-2012 20:00,383
06-12-2011 1:00,19
05-11-2011 16:00,285
09-07-2012 11:00,229
03-03-2011 18:00,171
08-05-2011 14:00,375
04-09-2011 13:00,391
05-06-2012 17:00,735
07-11-2011 18:00,431
02-03-2012 0:00,40
02-10-2011 20:00,122
13-03-2012 07:00,364
12-06-2011 18:00,252
13-04-2012 17:00,709
14-07-2011 02:00,9
11-12-2011 11:00,259
04-04-2011 12:00,144
16-03-2012 07:00,292
16-05-2012 17:00,844
05-04-2012 11:00,205
11-11-2012 0:00,112
02-09-2011 3:00,8
02-05-2012 13:00,221
08-06-2012 16:00,531
11-11-2012 2:00,63
15-02-2012 12:00,160
14-04-2012 04:00,9
13-09-2011 23:00,82
01-03-2011 12:00,86
17-05-2011 03:00,4
19-09-2011 10:00,117
15-05-2011 02:00,45
02-11-2012 14:00,295
06-03-2012 20:00,191
08-08-2012 14:00,251
06-03-2012 17:00,394
11-01-2011 9:00,120
01-11-2011 8:00,401
19-11-2012 03:00,8
14-03-2012 06:00,135
02-02-2012 20:00,206
03-11-2011 0:00,32
09-03-2011 4:00,2
09-04-2011 3:00,10
14-08-2012 06:00,141
15-11-2012 00:00,57
13-12-2012 01:00,19
03-09-2012 2:00,34
01-11-2011 2:00,5
01-04-2011 5:00,11
01-01-2012 21:00,121
16-05-2012 15:00,272
15-07-2011 05:00,25
02-12-2011 5:00,18
02-02-2012 12:00,159
11-08-2011 4:00,7
11-10-2012 19:00,413
06-06-2011 2:00,8
13-11-2011 01:00,62
08-06-2011 12:00,162
03-07-2012 11:00,219
17-01-2011 15:00,82
16-04-2011 10:00,55
15-04-2011 09:00,186
07-05-2011 9:00,202
10-12-2012 2:00,6
09-09-2011 22:00,126
01-06-2012 9:00,318
18-05-2012 11:00,261
05-12-2011 18:00,398
09-04-2011 19:00,152
05-08-2011 12:00,222
14-08-2012 13:00,288
15-06-2011 22:00,158
08-07-2011 4:00,7
15-10-2012 05:00,41
14-01-2012 06:00,5
08-02-2012 23:00,46
13-07-2012 15:00,351
17-10-2012 07:00,399
02-07-2012 3:00,15
17-11-2012 08:00,150
18-11-2011 08:00,352
14-10-2012 02:00,74
14-01-2011 07:00,71
15-12-2012 10:00,330
18-12-2011 01:00,72
16-02-2011 05:00,4
04-08-2011 8:00,409
19-07-2011 19:00,334
08-11-2012 0:00,43
13-10-2012 18:00,431
04-05-2012 0:00,82
16-06-2011 17:00,356
11-10-2011 17:00,475
12-10-2012 3:00,10
19-11-2011 17:00,273
07-02-2011 5:00,8
05-05-2012 15:00,428
19-05-2012 07:00,78
11-04-2012 6:00,95
09-03-2012 17:00,519
09-11-2012 21:00,183
05-06-2011 17:00,371
15-03-2012 18:00,745
07-07-2012 4:00,11
03-05-2012 8:00,378
11-09-2012 22:00,184
03-01-2011 16:00,81
12-03-2012 2:00,9
14-05-2011 23:00,83
11-05-2011 13:00,210
08-10-2011 13:00,438
13-09-2011 19:00,375
11-05-2011 18:00,548
12-11-2011 11:00,282
17-02-2012 07:00,241
12-08-2012 10:00,428
19-09-2011 00:00,42
16-12-2011 23:00,83
09-08-2012 18:00,843
17-08-2011 19:00,397
02-11-2011 4:00,4
01-11-2011 7:00,250
13-08-2011 06:00,28
02-12-2012 13:00,406
01-10-2011 0:00,90
09-09-2012 23:00,93
02-04-2011 20:00,97
19-06-2011 07:00,48
16-07-2011 15:00,449
15-10-2012 03:00,8
16-08-2011 17:00,552
18-11-2011 22:00,97
15-08-2012 19:00,631
05-01-2012 9:00,207
06-06-2011 9:00,203
07-07-2011 15:00,162
16-07-2011 07:00,45
04-11-2012 0:00,116
02-08-2012 6:00,176
01-01-2012 8:00,47
09-11-2012 5:00,30
04-09-2011 1:00,82
17-01-2012 02:00,6
18-11-2012 02:00,49
03-05-2011 12:00,187
02-03-2012 18:00,213
11-09-2012 3:00,6
06-06-2011 19:00,390
06-08-2012 6:00,164
04-04-2012 11:00,221
19-03-2011 00:00,84
01-04-2012 3:00,30
19-04-2011 01:00,17
16-02-2011 15:00,114
16-07-2012 22:00,252
14-02-2012 04:00,2
13-12-2012 03:00,6
19-09-2011 22:00,118
05-12-2011 7:00,258
04-02-2012 18:00,132
09-02-2011 23:00,26
06-06-2011 6:00,105
12-04-2012 22:00,166
17-07-2011 19:00,327
13-03-2012 16:00,381
16-06-2012 18:00,525
16-04-2011 13:00,72
16-11-2012 21:00,171
14-12-2012 03:00,8
09-06-2012 13:00,553
06-06-2011 15:00,165
02-04-2012 21:00,195
14-01-2011 20:00,73
15-01-2012 03:00,17
03-09-2012 8:00,424
04-08-2011 9:00,203
10-07-2012 0:00,61
12-08-2011 10:00,181
02-02-2011 15:00,81
08-04-2012 6:00,18
02-05-2011 23:00,67
15-06-2012 01:00,34
15-09-2011 03:00,9
08-12-2012 2:00,76
06-11-2011 14:00,310
11-10-2012 23:00,150
12-06-2012 17:00,441
01-03-2011 20:00,84
11-02-2012 9:00,134
03-12-2011 15:00,306
11-10-2012 9:00,355
01-03-2011 10:00,61
06-10-2011 11:00,146
16-04-2012 10:00,354
11-06-2012 15:00,287
05-03-2012 11:00,120
08-07-2012 5:00,15
13-05-2011 00:00,66
13-08-2011 01:00,78
09-06-2011 7:00,312
07-11-2011 20:00,204
19-03-2011 09:00,86
14-11-2011 13:00,191
11-12-2011 8:00,77
18-11-2012 20:00,148
13-02-2012 11:00,115
18-04-2012 18:00,491
08-08-2011 6:00,97
03-07-2011 10:00,268
18-08-2012 06:00,27
13-03-2012 02:00,6
07-08-2012 18:00,852
07-02-2011 22:00,47
05-06-2012 22:00,187
12-06-2011 11:00,357
13-01-2012 11:00,150
08-07-2012 22:00,152
17-09-2011 23:00,100
05-02-2012 4:00,7
01-05-2011 19:00,175
06-10-2012 14:00,638
04-09-2012 16:00,435
07-11-2012 1:00,16
16-04-2011 14:00,95
17-07-2012 17:00,641
16-10-2012 21:00,212
09-05-2011 15:00,197
05-09-2011 9:00,185
06-10-2012 12:00,686
14-05-2012 07:00,165
07-08-2012 12:00,289
08-06-2012 23:00,206
07-09-2011 21:00,95
09-06-2012 13:00,563
15-06-2012 23:00,206
18-08-2012 19:00,433
15-12-2012 08:00,133
04-01-2012 14:00,79
01-04-2012 7:00,54
05-12-2011 8:00,381
12-01-2011 8:00,170
04-02-2012 19:00,106
12-03-2011 2:00,21
02-09-2011 5:00,21
06-12-2011 22:00,102
08-08-2011 21:00,198
09-02-2011 20:00,51
05-09-2012 3:00,4
15-11-2012 22:00,154
09-05-2012 4:00,7
01-03-2011 6:00,37
08-02-2011 10:00,51
09-02-2011 0:00,11
07-05-2011 10:00,284
01-11-2012 8:00,669
19-03-2011 09:00,86
06-02-2011 15:00,162
16-02-2011 07:00,104
06-10-2011 9:00,205
14-08-2012 21:00,299
16-02-2011 12:00,85
07-05-2011 6:00,18
05-08-2012 15:00,432
18-07-2012 12:00,228
15-04-2012 23:00,103
09-08-2011 17:00,553
09-06-2012 15:00,528
11-04-2012 18:00,498
09-09-2012 3:00,43
10-09-2012 12:00,318
15-09-2012 00:00,167
15-11-2011 01:00,14
18-02-2011 11:00,105
04-07-2011 2:00,39
02-07-2011 2:00,64
16-06-2011 01:00,21
02-11-2011 2:00,6
03-12-2012 5:00,37
12-12-2011 0:00,29
04-08-2012 4:00,10
02-07-2012 2:00,14
06-05-2012 23:00,94
03-05-2012 10:00,185
05-03-2012 6:00,89
17-01-2011 20:00,39
19-05-2011 15:00,180
01-05-2011 13:00,321
05-03-2011 0:00,28
18-01-2012 18:00,272
09-03-2011 20:00,85
07-02-2012 18:00,480
15-08-2012 01:00,40
17-06-2012 13:00,568
09-04-2012 16:00,378
15-09-2012 05:00,16
10-05-2011 14:00,177
13-06-2012 08:00,667
17-01-2012 15:00,153
07-06-2011 13:00,172
16-04-2011 04:00,5
11-09-2012 15:00,317
02-04-2012 20:00,274
09-07-2011 17:00,375
19-07-2011 09:00,181
13-06-2012 02:00,11
04-10-2011 8:00,378
09-05-2011 13:00,207
14-11-2012 13:00,222
04-09-2011 3:00,36
19-08-2012 08:00,128
10-03-2012 12:00,280
07-10-2011 6:00,88
19-12-2011 10:00,127
14-06-2011 21:00,206
12-01-2012 12:00,120
06-04-2011 22:00,100
19-05-2012 00:00,131
03-07-2012 3:00,3
14-03-2011 19:00,144
13-07-2012 13:00,348
14-03-2011 14:00,88
15-02-2012 09:00,247
02-11-2012 13:00,293
08-02-2012 22:00,95
01-05-2011 18:00,216
19-12-2011 20:00,195
14-03-2011 09:00,148
18-12-2011 03:00,18
18-05-2012 00:00,73
01-07-2011 16:00,335
06-03-2012 6:00,91
17-12-2012 22:00,96
17-03-2012 21:00,215
10-10-2011 19:00,293
15-09-2012 04:00,16
08-02-2012 3:00,2
06-01-2012 15:00,230
19-04-2012 08:00,650
12-07-2012 4:00,7
19-04-2012 00:00,34
02-04-2012 16:00,380
16-02-2012 17:00,295
19-08-2012 15:00,519
02-05-2012 23:00,113
07-03-2012 14:00,187
17-02-2011 18:00,291
01-05-2011 16:00,288
11-02-2012 5:00,6
13-07-2012 06:00,142
09-02-2011 14:00,54
19-08-2012 02:00,90
14-08-2012 07:00,398
15-01-2011 00:00,29
02-07-2011 0:00,119
04-04-2011 2:00,9
18-01-2012 08:00,465
15-11-2012 23:00,118
13-07-2012 23:00,207
17-07-2012 08:00,616
08-10-2012 21:00,151
19-05-2012 02:00,73
11-01-2012 22:00,73
18-03-2011 10:00,169
19-09-2011 08:00,403
02-05-2012 20:00,332
10-07-2011 0:00,130
06-04-2012 11:00,240
13-10-2012 16:00,581
01-06-2011 19:00,291
02-11-2011 0:00,21
17-12-2011 15:00,217
04-07-2011 21:00,227
03-11-2012 1:00,113
06-12-2012 9:00,339
13-10-2012 10:00,380
18-02-2011 21:00,100
08-04-2012 21:00,215
16-10-2012 00:00,37
13-10-2011 09:00,131
04-10-2012 11:00,236
09-12-2012 10:00,263
18-08-2012 13:00,604
13-02-2011 04:00,4
03-08-2011 12:00,177
08-02-2012 9:00,230
08-08-2012 17:00,853
15-10-2011 06:00,22
04-06-2011 7:00,57
07-06-2011 5:00,26
04-07-2011 10:00,285
06-01-2012 0:00,32
19-11-2011 03:00,11
08-04-2011 9:00,163
07-10-2012 6:00,22
07-05-2012 2:00,16
03-06-2012 20:00,339
02-02-2011 21:00,54
17-05-2012 22:00,240
14-03-2012 22:00,180
02-09-2011 11:00,179
17-10-2011 08:00,414
17-09-2011 18:00,269
06-12-2012 11:00,191
17-04-2012 20:00,371
05-06-2012 4:00,6
06-01-2011 16:00,77
15-09-2012 02:00,77
12-01-2012 1:00,10
14-11-2011 12:00,193
13-09-2012 21:00,303
12-02-2012 2:00,44
17-09-2012 15:00,301
10-05-2011 8:00,456
11-10-2011 7:00,277
01-12-2012 8:00,124
16-07-2012 06:00,161
16-01-2012 14:00,166
12-11-2012 11:00,381
17-12-2011 14:00,224
16-06-2011 10:00,122
02-09-2011 23:00,131
05-08-2012 11:00,487
15-02-2012 06:00,93
05-07-2012 22:00,250
02-06-2011 11:00,157
16-12-2011 21:00,124
04-10-2011 13:00,192
09-02-2011 13:00,60
02-01-2011 12:00,97
19-03-2011 01:00,51
06-11-2012 16:00,335
04-05-2012 10:00,211
05-09-2011 17:00,191
10-06-2011 12:00,206
12-11-2012 23:00,68
05-03-2012 19:00,209
04-05-2011 3:00,6
09-08-2011 12:00,170
07-06-2011 6:00,112
08-05-2012 3:00,4
19-10-2012 20:00,252
09-11-2011 9:00,238
19-03-2012 03:00,9
01-11-2012 6:00,132
08-07-2011 14:00,200
07-08-2012 13:00,287
05-12-2012 13:00,265
09-02-2012 21:00,145
02-05-2011 15:00,179
05-08-2012 4:00,14
18-12-2012 15:00,265
15-04-2011 14:00,185
19-02-2012 14:00,248
18-07-2012 09:00,312
11-07-2012 20:00,478
19-11-2012 02:00,7
01-01-2012 2:00,58
09-04-2011 4:00,8
01-03-2012 15:00,225
16-05-2012 05:00,26
06-12-2011 14:00,62
14-02-2011 05:00,6
11-05-2011 7:00,284
13-12-2011 22:00,98
10-02-2011 23:00,30
01-09-2012 12:00,609
18-12-2011 14:00,215
19-12-2011 11:00,124
14-06-2012 03:00,7
03-07-2011 6:00,14
03-02-2011 9:00,130
19-06-2011 22:00,169
10-12-2012 17:00,460
09-08-2012 14:00,268
13-08-2012 13:00,269
12-03-2011 19:00,122
19-09-2011 18:00,487
12-09-2012 11:00,242
14-10-2012 22:00,151
10-03-2012 20:00,155
17-02-2011 20:00,132
08-07-2012 16:00,452
11-07-2012 1:00,26
15-05-2012 14:00,223
09-07-2012 19:00,574
17-11-2011 09:00,216
13-03-2012 03:00,3
19-10-2012 02:00,8
07-02-2011 9:00,119
15-07-2012 17:00,397
04-07-2011 21:00,233
18-08-2012 10:00,428
15-03-2011 23:00,28
08-11-2011 8:00,404
01-01-2011 18:00,64
19-01-2012 02:00,3
14-07-2011 22:00,172
02-08-2012 18:00,849
06-06-2011 11:00,152
02-05-2011 4:00,12
01-02-2011 10:00,56
02-07-2011 1:00,86
08-12-2011 19:00,219
17-09-2011 22:00,140
11-05-2011 17:00,590
07-12-2011 4:00,2
16-12-2011 01:00,27
10-06-2011 2:00,18
04-12-2011 14:00,292
19-04-2012 04:00,6
11-10-2012 17:00,878
15-04-2011 22:00,74
10-06-2012 0:00,153
01-08-2011 20:00,287
03-02-2012 20:00,167
11-07-2011 12:00,161
16-08-2011 20:00,291
02-04-2011 4:00,5
09-01-2012 13:00,106
18-04-2012 15:00,155
13-03-2011 07:00,28
11-10-2011 5:00,14
04-08-2011 18:00,482
03-10-2011 22:00,114
17-02-2012 04:00,3
06-11-2011 17:00,250
12-08-2011 22:00,159
10-09-2011 20:00,260
02-12-2012 1:00,98
09-08-2012 12:00,289
10-10-2012 7:00,494
18-11-2011 03:00,9
11-12-2012 14:00,227
07-02-2012 17:00,497
09-08-2012 4:00,6
11-07-2011 0:00,47
07-08-2012 11:00,221
02-01-2012 18:00,169
18-01-2012 03:00,5
08-09-2011 10:00,83
14-07-2012 20:00,247
12-01-2012 10:00,119
05-09-2011 19:00,177
07-11-2011 9:00,178
06-12-2011 1:00,14
06-06-2012 22:00,230
12-03-2011 14:00,155
17-08-2012 00:00,88
01-07-2012 1:00,94
09-01-2012 22:00,70
01-02-2011 23:00,17
14-03-2012 13:00,247
11-05-2012 18:00,715
11-11-2012 7:00,47
15-11-2011 07:00,311
04-07-2011 15:00,402
12-09-2012 19:00,629
09-12-2011 5:00,15
18-10-2011 09:00,218
02-07-2011 23:00,135
04-01-2011 21:00,52
05-09-2011 18:00,229
03-07-2011 23:00,93
13-04-2011 05:00,9
15-01-2011 12:00,97
13-09-2011 07:00,322
19-10-2012 04:00,14
18-11-2012 11:00,423
07-01-2011 8:00,166
17-07-2012 19:00,530
12-12-2012 12:00,238
15-11-2012 19:00,369
19-12-2011 16:00,213
12-12-2011 20:00,167
05-06-2011 13:00,382
02-09-2012 15:00,414
12-06-2011 12:00,388
02-09-2012 7:00,42
17-08-2011 06:00,105
19-08-2011 04:00,6
03-01-2012 19:00,209
07-09-2011 8:00,187
16-09-2011 21:00,162
01-01-2012 4:00,6
06-09-2012 1:00,27
15-02-2011 12:00,81
03-11-2012 16:00,414
14-02-2012 19:00,289
19-04-2011 06:00,68
01-12-2012 13:00,453
03-04-2012 3:00,3
17-06-2012 19:00,417
12-01-2011 14:00,49
14-12-2012 01:00,26
10-08-2011 0:00,48
16-11-2012 08:00,618
10-01-2012 22:00,110
01-04-2011 17:00,237
14-06-2012 20:00,439
06-01-2012 17:00,485
18-05-2011 22:00,138
02-03-2012 19:00,221
12-12-2011 15:00,142
11-05-2012 6:00,120
07-07-2012 5:00,11
06-03-2011 1:00,36
01-02-2011 15:00,64
06-04-2012 10:00,210
05-09-2012 16:00,446
07-12-2011 22:00,70
01-11-2011 0:00,20
16-11-2012 08:00,636
14-11-2011 07:00,251
14-09-2011 10:00,127
09-11-2011 7:00,275
02-12-2011 22:00,101
06-02-2011 7:00,17
10-09-2012 1:00,16
05-09-2011 0:00,103
07-07-2011 8:00,434
01-12-2011 5:00,16
08-02-2012 7:00,268
01-09-2012 5:00,15
09-11-2012 22:00,176
19-04-2011 14:00,119
09-04-2011 15:00,187
08-01-2012 13:00,369
13-10-2011 21:00,169
18-10-2011 07:00,283
17-03-2011 05:00,9
01-12-2011 9:00,223
09-02-2011 13:00,60
01-11-2011 13:00,158
19-02-2012 06:00,8
04-04-2011 20:00,238
09-07-2011 8:00,112
06-07-2012 1:00,32
08-09-2012 9:00,289
18-01-2012 14:00,114
10-01-2012 2:00,7
15-06-2011 10:00,119
07-09-2012 6:00,168
10-09-2011 10:00,297
17-12-2011 20:00,105
15-11-2011 20:00,214
08-03-2012 11:00,216
04-09-2011 6:00,19
16-10-2012 15:00,304
01-07-2011 1:00,31
03-11-2012 12:00,398
15-04-2012 17:00,525
09-10-2012 11:00,228
04-03-2012 18:00,243
01-12-2012 3:00,35
06-10-2011 17:00,585
19-03-2012 04:00,11
19-11-2011 12:00,331
14-08-2012 18:00,842
02-02-2012 23:00,71
13-06-2012 20:00,433
19-11-2012 16:00,351
16-10-2011 12:00,414
09-03-2012 8:00,507
01-07-2011 18:00,505
07-08-2012 5:00,37
14-06-2011 17:00,502
16-02-2011 12:00,85
17-09-2012 17:00,776
19-08-2011 19:00,231
16-10-2012 19:00,456
03-12-2012 4:00,7
08-09-2011 20:00,155
02-04-2012 20:00,251
18-10-2012 22:00,200
18-05-2011 16:00,289
13-06-2011 20:00,289
10-10-2011 5:00,29
06-12-2011 0:00,26
15-10-2011 03:00,25
12-08-2012 22:00,159
05-11-2012 9:00,311
04-08-2011 11:00,142
16-05-2012 10:00,186
14-04-2012 11:00,555
13-07-2012 23:00,204
04-10-2012 10:00,180
07-10-2012 18:00,229
16-03-2011 13:00,95
17-08-2011 18:00,568
18-06-2011 04:00,14
01-06-2012 20:00,182
05-08-2011 6:00,98
16-10-2011 02:00,60
03-09-2012 17:00,531
18-10-2011 16:00,297
13-07-2011 13:00,159
11-01-2012 5:00,19
06-12-2011 4:00,3
10-02-2011 16:00,72
19-07-2011 04:00,7
04-02-2011 8:00,208
14-04-2012 01:00,70
16-03-2011 11:00,70
06-08-2011 19:00,242
05-12-2012 9:00,327
03-05-2011 0:00,27
13-12-2012 21:00,189
03-04-2011 20:00,97
19-12-2012 17:00,591
13-07-2011 04:00,6
10-01-2011 9:00,111
19-05-2012 04:00,12
09-11-2011 6:00,94
12-10-2012 16:00,452
05-03-2011 4:00,3
05-03-2011 2:00,21
09-02-2011 11:00,53
05-03-2012 9:00,204
03-02-2012 0:00,44
08-08-2011 23:00,85
14-04-2012 15:00,637
07-01-2012 17:00,494
06-03-2011 6:00,7
04-08-2012 21:00,271
07-07-2011 16:00,276
10-07-2012 10:00,175
13-04-2011 12:00,69
04-03-2011 14:00,98
15-10-2012 19:00,248
10-07-2011 2:00,74
08-03-2011 13:00,91
10-04-2012 11:00,244
06-09-2011 17:00,371
09-01-2011 9:00,29
15-08-2011 14:00,161
01-03-2011 8:00,220
11-01-2011 19:00,93
18-09-2011 00:00,102
08-11-2011 12:00,208
03-10-2011 9:00,217
06-12-2011 13:00,59
18-02-2011 04:00,5
13-10-2011 14:00,166
17-09-2012 02:00,13
15-04-2012 11:00,509
02-03-2011 8:00,246
15-10-2011 10:00,303
04-08-2012 5:00,10
06-09-2011 15:00,75
12-03-2012 9:00,260
11-06-2012 14:00,252
19-10-2011 00:00,37
08-11-2012 19:00,368
01-07-2011 5:00,26
17-11-2012 10:00,340
16-05-2011 02:00,11
10-08-2012 12:00,307
19-06-2012 18:00,776
05-09-2011 3:00,21
14-12-2011 04:00,6
02-08-2012 8:00,709
05-03-2012 10:00,118
04-01-2012 18:00,264
17-07-2012 11:00,201
05-08-2011 10:00,172
12-12-2011 16:00,214
16-01-2012 06:00,9
03-02-2012 23:00,62
03-05-2011 2:00,12
04-06-2011 21:00,206
19-10-2011 18:00,196
16-08-2012 10:00,206
01-01-2011 14:00,127
14-12-2011 03:00,8
17-01-2012 18:00,462
19-11-2012 20:00,254
19-10-2011 16:00,141
16-04-2012 00:00,122
06-06-2012 12:00,317
11-11-2011 13:00,239
11-03-2011 5:00,12
10-04-2011 7:00,43
08-08-2012 21:00,316
05-03-2011 18:00,204
05-11-2011 6:00,16
16-07-2011 20:00,281
13-12-2012 00:00,37
04-01-2012 9:00,180
18-08-2011 11:00,146
15-11-2012 22:00,149
13-11-2012 14:00,212
09-12-2011 21:00,139
06-04-2012 3:00,14
10-08-2012 16:00,474
17-09-2011 04:00,9
16-11-2011 21:00,104
12-06-2011 19:00,251
01-12-2011 7:00,255
16-07-2011 09:00,207
04-09-2011 23:00,89
19-08-2011 12:00,237
15-10-2012 23:00,90
05-07-2012 17:00,613
15-08-2011 09:00,204
14-01-2011 22:00,46
15-12-2012 16:00,453
01-04-2011 4:00,4
14-08-2012 02:00,7
11-04-2012 1:00,14
11-06-2012 8:00,635
14-03-2011 07:00,122
17-06-2012 22:00,166
16-09-2011 02:00,11
08-08-2011 19:00,382
19-05-2012 21:00,289
18-05-2012 12:00,366
06-08-2012 22:00,219
19-09-2012 17:00,927
18-04-2012 07:00,394
18-02-2012 00:00,68
14-02-2011 19:00,129
17-08-2012 15:00,378
11-03-2011 16:00,119
17-05-2011 22:00,121
13-04-2011 06:00,34
17-10-2011 10:00,121
09-07-2012 10:00,157
10-10-2012 20:00,384
05-08-2012 22:00,154
18-06-2011 22:00,164
09-06-2012 11:00,572
09-03-2011 12:00,80
12-04-2012 19:00,419
10-10-2011 20:00,229
19-03-2011 13:00,274
11-09-2011 15:00,436
13-06-2012 15:00,295
08-03-2012 20:00,351
12-01-2011 23:00,19
13-12-2011 03:00,4
05-08-2011 10:00,174
08-05-2011 23:00,94
08-12-2011 4:00,9
13-07-2012 17:00,719
09-10-2011 7:00,67
17-10-2012 00:00,42
05-07-2012 11:00,202
07-09-2011 11:00,47
10-02-2011 1:00,4
04-05-2012 16:00,513
19-09-2011 23:00,66
16-12-2011 10:00,130
14-06-2011 07:00,333
06-11-2011 9:00,139
18-01-2012 17:00,285
09-12-2012 19:00,167
15-11-2011 18:00,425
01-10-2011 12:00,207
10-06-2011 20:00,263
01-08-2011 9:00,177
08-07-2012 6:00,22
08-10-2012 18:00,465
14-06-2011 23:00,71
01-06-2011 0:00,37
02-08-2012 20:00,469
08-08-2011 9:00,204
07-06-2012 12:00,324
08-09-2012 22:00,197
16-12-2011 15:00,161
09-10-2011 8:00,114
19-08-2012 11:00,293
13-04-2011 17:00,302
11-03-2012 13:00,403
18-09-2012 02:00,7
05-11-2012 11:00,189
17-05-2011 15:00,175
11-06-2011 10:00,282
18-06-2012 17:00,644
13-06-2012 07:00,474
04-05-2011 18:00,356
14-07-2012 22:00,245
07-08-2012 9:00,365
03-12-2012 20:00,276
17-07-2011 09:00,195
05-01-2012 10:00,101
01-09-2011 1:00,16
03-08-2011 2:00,12
02-05-2012 7:00,384
07-02-2011 13:00,69
10-02-2012 5:00,21
06-07-2012 2:00,18
17-04-2012 17:00,748
06-10-2011 6:00,105
01-07-2012 14:00,430
04-09-2012 23:00,132
15-02-2012 15:00,153
07-09-2012 0:00,71
13-07-2011 10:00,114
10-06-2011 21:00,188
19-01-2012 19:00,229
08-05-2011 16:00,404
19-12-2011 18:00,384
13-08-2011 19:00,244
10-05-2011 22:00,141
14-08-2012 16:00,435
04-09-2012 6:00,174
01-08-2011 21:00,193
03-12-2012 0:00,36
18-10-2011 14:00,183
19-09-2012 21:00,260
10-01-2012 13:00,124
17-12-2012 23:00,72
19-01-2012 22:00,93
15-04-2011 21:00,72
14-11-2012 18:00,543
19-08-2012 06:00,22
19-05-2012 16:00,567
05-03-2012 5:00,22
18-01-2011 13:00,39
01-02-2012 6:00,82
03-12-2012 16:00,426
16-06-2012 11:00,574
12-02-2012 15:00,126
06-09-2012 6:00,174
03-08-2012 5:00,40
06-07-2012 15:00,324
07-11-2011 8:00,341
04-06-2012 14:00,262
18-11-2012 08:00,118
02-10-2012 18:00,564
15-07-2011 20:00,284
07-09-2012 17:00,788
01-11-2011 21:00,138
03-09-2012 13:00,486
12-03-2012 1:00,10
17-10-2012 13:00,316
15-07-2011 00:00,66
09-04-2012 22:00,129
10-06-2011 7:00,289
15-02-2012 20:00,210
15-10-2012 20:00,325
08-08-2011 16:00,274
03-09-2012 1:00,71
01-12-2012 15:00,457
08-08-2011 7:00,314
06-10-2012 7:00,65
17-02-2011 04:00,3
07-11-2012 6:00,136
09-06-2011 6:00,119
07-12-2012 17:00,555
18-08-2011 00:00,52
18-09-2011 02:00,64
19-04-2011 15:00,135
03-10-2012 6:00,161
07-01-2011 14:00,48
11-08-2011 14:00,162
10-09-2012 10:00,213
04-02-2011 19:00,102
10-12-2012 21:00,162
02-07-2011 3:00,33
18-05-2012 21:00,274
02-07-2011 16:00,376
16-06-2012 07:00,94
05-02-2011 19:00,40
02-11-2012 8:00,645
19-07-2012 15:00,268
11-07-2012 13:00,270
09-01-2012 22:00,70
02-02-2012 0:00,49
11-04-2012 9:00,328
19-04-2012 03:00,6
06-04-2012 20:00,260
07-03-2011 4:00,2
06-03-2011 6:00,14
15-02-2012 21:00,199
07-06-2012 7:00,468
02-08-2011 16:00,273
14-04-2012 06:00,19
14-10-2011 15:00,218
03-02-2011 8:00,207
17-12-2011 02:00,52
09-03-2012 10:00,201
06-08-2012 13:00,279
07-05-2012 6:00,141
03-02-2011 14:00,55
01-01-2012 10:00,164
09-06-2011 22:00,171
12-08-2012 11:00,516
17-03-2011 01:00,7
15-03-2011 10:00,66
07-07-2012 10:00,363
06-10-2011 8:00,405
14-03-2011 10:00,74
15-03-2012 23:00,93
12-07-2011 9:00,193
08-12-2011 18:00,341
05-10-2012 5:00,38
15-05-2012 23:00,82
03-06-2011 14:00,227
15-01-2012 16:00,197
02-02-2012 4:00,7
14-08-2011 17:00,386
05-05-2012 12:00,569
12-02-2012 16:00,163
03-07-2011 4:00,9
06-06-2011 16:00,313
19-11-2011 06:00,14
13-02-2012 05:00,20
08-10-2012 10:00,333
05-11-2012 5:00,49
18-06-2011 20:00,262
08-01-2011 18:00,63
17-04-2012 11:00,237
14-07-2011 00:00,47
04-11-2012 8:00,127
04-11-2012 18:00,297
03-01-2012 7:00,197
02-11-2012 19:00,340
08-03-2012 4:00,5
02-05-2012 16:00,388
13-05-2012 04:00,14
14-09-2012 01:00,35
03-02-2011 19:00,115
11-08-2012 9:00,287
09-01-2011 7:00,10
12-01-2011 5:00,8
17-05-2012 14:00,259
17-08-2011 07:00,316
19-01-2012 16:00,191
16-11-2012 00:00,66
01-12-2012 9:00,177
10-05-2012 9:00,330
15-05-2012 21:00,223
04-11-2012 11:00,463
14-10-2011 03:00,7
09-07-2012 5:00,42
02-06-2011 17:00,581
06-07-2011 14:00,164
15-10-2012 04:00,8
12-08-2011 11:00,197
17-04-2011 16:00,300
08-01-2012 18:00,235
17-01-2012 23:00,57
10-11-2011 12:00,154
17-06-2012 15:00,515
04-05-2011 7:00,60
12-02-2012 23:00,31
05-05-2012 12:00,593
19-04-2011 22:00,107
17-05-2011 07:00,262
05-02-2012 15:00,237
18-04-2011 10:00,108
15-10-2011 23:00,119
13-11-2012 05:00,38
01-11-2012 10:00,184
08-09-2011 15:00,103
11-02-2012 14:00,208
04-11-2012 16:00,433
04-08-2011 13:00,186
05-11-2012 14:00,212
02-11-2012 15:00,313
03-04-2011 6:00,11
11-07-2012 10:00,183
05-09-2012 6:00,185
16-09-2011 14:00,210
10-11-2012 9:00,256
10-05-2012 5:00,37
19-03-2012 15:00,256
06-08-2011 16:00,285
16-04-2011 19:00,105
14-11-2012 11:00,169
08-04-2011 3:00,10
04-05-2012 15:00,337
09-10-2012 14:00,289
02-05-2012 1:00,23
07-07-2011 18:00,542
07-05-2011 21:00,168
14-02-2011 14:00,111
12-02-2012 22:00,59
09-03-2011 10:00,66
12-07-2011 8:00,433
01-04-2011 19:00,160
10-11-2011 1:00,10
14-07-2012 13:00,550
14-09-2011 08:00,420
11-07-2011 14:00,149
19-04-2012 20:00,374
10-06-2011 14:00,209
15-07-2011 04:00,7
08-06-2011 16:00,232
11-01-2011 0:00,7
09-09-2012 7:00,55
18-05-2012 13:00,361
16-12-2012 22:00,99
02-10-2012 0:00,34
01-10-2011 19:00,175
12-06-2012 20:00,305
12-02-2011 20:00,45
09-03-2012 6:00,91
15-05-2011 04:00,9
12-02-2012 14:00,152
16-09-2011 01:00,20
01-03-2012 19:00,333
16-07-2011 07:00,50
03-11-2011 4:00,5
12-05-2011 8:00,444
17-01-2011 21:00,28
16-10-2012 14:00,296
07-05-2012 12:00,263
12-12-2012 19:00,350
11-08-2012 16:00,483
18-01-2012 05:00,15
11-12-2011 16:00,232
15-05-2011 08:00,84
05-04-2012 2:00,15
05-08-2011 7:00,274
17-04-2011 09:00,134
07-12-2011 19:00,121
07-11-2012 18:00,495
15-07-2012 20:00,275
05-09-2012 2:00,9
11-12-2012 8:00,644
09-07-2011 21:00,223
07-12-2011 11:00,45
01-11-2012 16:00,349
17-03-2011 00:00,18
11-08-2012 4:00,10
02-01-2012 23:00,23
08-07-2012 1:00,95
16-03-2012 11:00,245
19-12-2012 18:00,538
19-08-2012 20:00,275
17-03-2011 10:00,85
04-03-2012 19:00,112
08-08-2011 3:00,5
04-12-2011 16:00,279
18-02-2012 11:00,200
09-08-2012 10:00,214
14-07-2011 06:00,111
17-01-2012 09:00,128
15-05-2012 16:00,380
15-12-2011 12:00,155
06-11-2011 23:00,54
06-02-2012 22:00,114
07-07-2012 9:00,252
19-11-2011 20:00,132
16-12-2011 10:00,134
16-10-2012 05:00,39
10-02-2012 13:00,179
06-06-2012 8:00,673
17-05-2012 01:00,22
19-12-2012 03:00,7
03-12-2011 10:00,223
10-01-2011 21:00,39
11-09-2011 4:00,24
19-06-2012 20:00,416
02-02-2011 22:00,42
11-05-2011 14:00,179
18-06-2011 15:00,364
05-06-2011 10:00,299
08-02-2012 18:00,182
15-07-2012 12:00,495
04-11-2012 19:00,215
02-08-2011 6:00,109
02-11-2012 3:00,12
14-05-2011 14:00,288
15-08-2011 18:00,524
06-08-2011 17:00,218
13-05-2012 16:00,590
15-01-2011 15:00,101
16-06-2011 05:00,26
17-10-2012 22:00,197
17-11-2011 08:00,204
17-07-2011 16:00,368
12-10-2011 15:00,98
13-08-2011 14:00,356
09-06-2012 4:00,16
09-08-2011 21:00,231
10-02-2011 4:00,3
10-04-2012 14:00,293
03-06-2011 7:00,287
12-11-2012 17:00,556
06-10-2012 10:00,471
16-11-2011 15:00,64
04-06-2011 4:00,10
13-06-2012 17:00,811
08-05-2011 12:00,386
05-06-2011 6:00,28
06-12-2012 8:00,634
01-02-2011 2:00,6
13-09-2012 02:00,12
01-10-2012 23:00,86
06-10-2011 14:00,189
14-06-2012 01:00,18
02-01-2012 5:00,16
18-04-2012 16:00,318
08-09-2012 17:00,415
03-04-2012 12:00,313
01-10-2011 2:00,63
13-04-2012 15:00,383
09-03-2011 13:00,69
10-05-2011 9:00,191
04-04-2012 6:00,121
15-02-2012 07:00,265
09-01-2012 4:00,3
03-03-2011 19:00,105
02-06-2011 22:00,179
10-01-2012 6:00,75
16-09-2012 21:00,214
17-01-2012 00:00,14
18-10-2011 06:00,108
19-10-2012 09:00,294
16-02-2011 16:00,162
07-04-2011 22:00,83
19-07-2012 18:00,747
10-03-2011 22:00,56
07-10-2011 13:00,241
06-11-2012 3:00,5
02-11-2011 19:00,269
15-03-2011 01:00,6
10-02-2012 1:00,20
02-03-2012 5:00,27
01-06-2011 2:00,8
07-05-2012 10:00,159
14-01-2011 05:00,8
04-04-2012 0:00,36
13-10-2011 22:00,155
12-07-2011 20:00,299
11-02-2012 22:00,72
15-05-2012 19:00,495
11-12-2011 17:00,222
19-06-2012 12:00,276
08-10-2012 20:00,266
01-03-2011 23:00,14
19-07-2012 14:00,238
14-07-2012 17:00,428
04-06-2011 19:00,342
15-06-2012 00:00,82
13-06-2012 11:00,223
08-04-2012 16:00,576
14-05-2012 10:00,126
19-07-2011 05:00,21
11-11-2012 19:00,262
19-06-2012 07:00,507
02-05-2012 14:00,238
15-07-2012 10:00,391
09-07-2012 8:00,589
01-07-2011 14:00,309
12-03-2012 16:00,358
19-02-2011 04:00,5
12-12-2011 21:00,126
16-08-2012 15:00,283
18-12-2011 06:00,11
12-12-2011 17:00,356
01-02-2011 18:00,150
08-02-2011 1:00,7
18-07-2012 16:00,393
08-06-2012 11:00,271
10-06-2012 22:00,172
02-07-2012 20:00,430
04-05-2012 22:00,223
09-08-2011 8:00,431
13-12-2012 12:00,234
02-06-2011 10:00,120
04-11-2012 20:00,170
03-12-2012 7:00,384
03-12-2012 3:00,7
13-05-2012 05:00,13
11-04-2012 2:00,6
11-04-2012 5:00,23
03-06-2012 14:00,645
05-12-2011 14:00,155
02-08-2012 12:00,291
04-10-2011 7:00,266
13-04-2012 03:00,14
08-06-2012 13:00,382
11-04-2011 20:00,238
19-11-2012 18:00,559
14-07-2012 22:00,243
19-02-2011 21:00,50
12-12-2011 12:00,148
06-07-2011 0:00,46
07-02-2012 16:00,258
03-07-2011 12:00,391
06-07-2011 10:00,102
13-09-2011 04:00,5
10-05-2012 0:00,61
12-01-2012 0:00,24
18-04-2011 22:00,99
15-05-2011 10:00,228
09-06-2011 4:00,7
07-01-2011 10:00,62
17-09-2012 19:00,525
12-03-2011 16:00,213
13-02-2012 22:00,123
12-06-2011 2:00,65
16-07-2012 23:00,110
11-11-2012 13:00,616
13-04-2011 20:00,126
07-03-2012 17:00,570
07-07-2011 7:00,278
05-03-2011 17:00,221
19-04-2012 19:00,502
12-06-2011 22:00,156
10-11-2011 11:00,123
04-06-2012 0:00,44
06-12-2011 18:00,214
12-08-2011 21:00,197
09-03-2012 22:00,119
04-05-2012 8:00,619
10-01-2011 3:00,3
04-09-2011 17:00,374
06-10-2012 3:00,28
17-04-2012 09:00,341
08-04-2012 10:00,354
08-10-2011 18:00,402
08-03-2011 7:00,103
19-09-2012 05:00,49
07-03-2011 16:00,111
04-02-2012 11:00,226
13-05-2011 08:00,416
14-09-2011 21:00,202
07-10-2012 10:00,375
17-11-2012 03:00,23
04-09-2011 7:00,49
07-06-2012 8:00,673
08-08-2011 2:00,7
03-07-2012 15:00,273
04-08-2011 21:00,189
03-04-2011 17:00,232
01-10-2012 9:00,350
05-08-2011 17:00,521
14-08-2012 05:00,38
05-12-2012 12:00,240
03-05-2012 5:00,26
18-02-2012 09:00,153
05-09-2012 14:00,263
07-12-2012 20:00,189
17-11-2011 08:00,201
07-02-2011 1:00,4
17-03-2011 19:00,154
12-09-2011 22:00,123
13-06-2011 16:00,319
19-02-2011 14:00,236
15-05-2011 12:00,358
15-04-2012 15:00,618
01-12-2012 22:00,151
04-08-2011 12:00,183
19-10-2012 15:00,349
13-06-2011 13:00,214
16-11-2011 20:00,127
14-12-2012 21:00,166
10-07-2012 17:00,804
03-01-2011 15:00,70
15-06-2012 04:00,7
09-02-2011 10:00,53
01-03-2011 22:00,46
11-02-2011 6:00,27
03-01-2012 4:00,3
01-03-2011 1:00,5
03-10-2011 4:00,5
02-09-2011 15:00,243
01-04-2012 6:00,16
14-05-2012 17:00,364
03-02-2012 13:00,208
05-10-2012 0:00,78
07-02-2012 13:00,175
13-05-2012 18:00,433
16-08-2012 14:00,278
09-02-2012 23:00,66
13-01-2011 06:00,32
10-10-2011 9:00,212
12-03-2012 19:00,448
15-04-2011 15:00,202
06-03-2011 3:00,15
15-01-2011 03:00,11
06-02-2011 3:00,13
04-05-2012 4:00,10
06-02-2012 20:00,207
10-03-2012 16:00,347
07-09-2011 5:00,16
14-12-2012 05:00,29
05-06-2011 22:00,165
03-01-2011 14:00,75
16-07-2011 01:00,83
12-03-2011 9:00,89
08-05-2011 7:00,35
09-11-2012 8:00,627
09-02-2012 2:00,4
02-10-2011 16:00,134
18-12-2011 09:00,134
04-08-2012 20:00,324
03-08-2012 23:00,187
19-03-2012 08:00,581
16-02-2012 14:00,64
06-08-2011 10:00,275
07-01-2011 13:00,61
14-11-2012 19:00,360
05-08-2011 5:00,24
16-10-2012 16:00,495
07-09-2012 11:00,273
06-11-2011 7:00,52
19-02-2011 23:00,38
04-04-2011 9:00,169
10-11-2011 4:00,7
16-10-2012 21:00,213
09-05-2011 22:00,127
02-02-2012 1:00,17
09-05-2011 14:00,191
11-09-2011 11:00,376
04-01-2012 23:00,47
18-06-2011 07:00,50
18-03-2011 09:00,204
12-09-2012 12:00,317
16-07-2012 04:00,8
05-05-2012 13:00,592
14-11-2011 16:00,307
11-06-2011 8:00,122
14-12-2011 02:00,5
10-07-2011 20:00,274
12-10-2012 9:00,359
01-04-2011 7:00,115
17-05-2011 14:00,173
03-01-2012 20:00,117
15-06-2011 09:00,202
19-02-2012 00:00,71
10-06-2012 9:00,255
17-05-2012 21:00,273
14-03-2012 09:00,327
12-05-2012 17:00,574
13-08-2011 08:00,117
10-04-2011 1:00,33
05-05-2011 1:00,14
15-09-2011 04:00,9
12-05-2012 1:00,94
07-12-2012 12:00,271
10-11-2012 14:00,653
14-01-2012 14:00,208
07-07-2011 13:00,162
18-01-2012 06:00,88
19-08-2011 18:00,482
14-04-2012 20:00,271
08-10-2011 2:00,66
01-07-2011 22:00,175
11-12-2012 3:00,4
08-02-2012 16:00,129
12-10-2012 4:00,9
13-10-2011 07:00,114
12-12-2011 13:00,130
18-05-2011 17:00,538
19-06-2012 15:00,277
08-01-2012 16:00,307
07-09-2011 0:00,19
09-02-2011 7:00,81
12-10-2012 18:00,660
09-01-2011 22:00,12
11-11-2011 2:00,13
12-06-2011 8:00,98
09-08-2012 7:00,454
11-06-2012 23:00,96
10-11-2012 6:00,22
10-02-2012 22:00,115
04-11-2012 10:00,353
04-08-2012 13:00,497
07-01-2011 22:00,41
08-10-2012 6:00,40
14-12-2011 08:00,362
14-06-2012 14:00,271
15-06-2012 14:00,375
01-08-2011 0:00,47
16-07-2011 03:00,26
02-07-2012 23:00,109
13-04-2012 00:00,44
12-05-2012 19:00,499
09-05-2011 5:00,18
06-01-2011 19:00,109
03-10-2012 5:00,42
17-07-2012 18:00,661
12-01-2011 15:00,50
01-04-2012 1:00,66
02-06-2011 6:00,102
10-12-2012 3:00,8
16-08-2011 00:00,28
19-12-2012 01:00,19
16-01-2012 18:00,180
01-09-2012 13:00,604
11-04-2012 12:00,208
12-07-2011 9:00,190
08-02-2011 14:00,55
19-12-2011 07:00,226
10-03-2011 16:00,64
06-12-2011 2:00,7
12-08-2011 5:00,26
15-09-2011 17:00,210
04-01-2011 16:00,89
07-11-2011 11:00,129
05-07-2011 0:00,48
04-03-2011 5:00,13
01-09-2012 11:00,557
05-05-2011 17:00,561
10-06-2012 10:00,414
12-05-2011 6:00,85
03-03-2012 20:00,179
05-10-2012 15:00,385
15-08-2011 19:00,376
11-06-2012 3:00,7
17-06-2012 13:00,563
01-02-2011 15:00,64
01-12-2012 1:00,103
06-03-2012 12:00,139
04-08-2011 23:00,130
11-03-2012 17:00,441
10-10-2012 9:00,358
10-07-2011 19:00,317
06-03-2012 18:00,350
14-04-2012 05:00,9
02-11-2012 17:00,631
07-04-2012 19:00,373
06-04-2012 23:00,105
10-07-2012 8:00,659
10-03-2011 10:00,24
05-08-2012 19:00,312
19-09-2012 20:00,400
03-10-2012 4:00,5
03-11-2011 10:00,114
10-02-2011 11:00,55
01-06-2012 22:00,166
15-02-2011 01:00,8
19-04-2012 15:00,291
18-05-2012 07:00,375
18-06-2012 06:00,70
14-06-2011 18:00,549
08-09-2012 18:00,342
03-06-2012 0:00,132
02-06-2012 23:00,180
15-09-2012 22:00,260
19-01-2012 09:00,198
14-01-2011 16:00,76
19-10-2012 21:00,216
18-05-2012 10:00,236
10-09-2011 2:00,48
19-11-2012 15:00,234
18-01-2012 01:00,20
13-12-2012 10:00,173
12-02-2012 16:00,166
04-09-2012 0:00,33
09-04-2011 21:00,78
04-03-2011 13:00,93
06-08-2012 10:00,228
10-09-2012 11:00,249
08-07-2012 21:00,237
18-06-2011 23:00,128
18-02-2012 10:00,198
09-11-2011 11:00,131
14-02-2011 08:00,238
15-02-2012 10:00,123
06-06-2012 15:00,313
12-09-2012 23:00,123
13-05-2012 15:00,586
19-07-2011 18:00,497
14-06-2012 18:00,813
18-09-2011 19:00,291
15-07-2011 08:00,450
17-06-2011 04:00,5
01-01-2011 2:00,26
15-03-2012 21:00,240
19-09-2011 01:00,20
07-10-2012 0:00,114
02-05-2011 11:00,137
01-05-2012 21:00,267
10-11-2012 12:00,607
03-04-2011 13:00,291
10-02-2011 14:00,53
19-03-2012 05:00,24
15-01-2011 04:00,6
17-04-2012 17:00,767
07-01-2011 7:00,89
07-11-2012 23:00,87
18-06-2011 10:00,294
10-06-2012 20:00,318
09-09-2012 15:00,638
11-10-2011 17:00,473
15-04-2012 12:00,625
11-12-2011 15:00,242
19-09-2011 12:00,188
06-02-2012 5:00,19
15-04-2012 02:00,79
18-06-2012 11:00,137
02-07-2012 6:00,146
09-04-2011 7:00,38
03-09-2012 23:00,89
14-09-2011 02:00,7
01-12-2011 19:00,234
12-05-2011 0:00,48
07-11-2012 2:00,8
10-10-2012 23:00,112
15-10-2011 07:00,56
10-07-2011 0:00,140
12-04-2011 8:00,202
04-05-2011 3:00,6
18-10-2011 05:00,13
04-11-2012 22:00,114
18-08-2011 10:00,124
03-08-2011 13:00,166
12-05-2011 21:00,179
02-09-2011 6:00,106
13-08-2012 21:00,288
15-07-2012 10:00,391
03-04-2011 17:00,235
14-05-2012 14:00,217
19-12-2012 11:00,182
09-04-2011 12:00,196
07-10-2012 21:00,113
02-07-2011 13:00,393
16-12-2012 03:00,35
08-02-2012 5:00,18
13-01-2011 10:00,41
18-04-2012 05:00,32
05-02-2012 12:00,239
11-02-2011 23:00,31
06-12-2011 11:00,63
08-10-2012 3:00,10
02-03-2012 22:00,127
15-03-2011 04:00,3
13-04-2012 01:00,28
09-09-2011 8:00,190
03-12-2011 1:00,60
09-04-2012 17:00,681
08-12-2012 22:00,160
13-12-2012 13:00,238
16-12-2012 19:00,189
16-02-2011 14:00,110
10-11-2011 10:00,119
16-01-2012 19:00,147
09-09-2012 5:00,19
19-01-2012 20:00,151
12-10-2011 19:00,159
19-08-2011 15:00,219
18-01-2011 13:00,39
06-07-2011 23:00,107
18-05-2011 09:00,169
01-06-2012 21:00,255
19-03-2012 01:00,21
12-03-2011 20:00,90
18-07-2011 12:00,173
10-11-2011 1:00,15
12-09-2012 7:00,516
01-05-2012 16:00,410
11-12-2011 17:00,224
11-03-2011 20:00,83
13-10-2011 10:00,108
05-07-2012 19:00,510
05-05-2011 14:00,161
18-06-2012 10:00,139
02-03-2011 18:00,208
13-05-2011 10:00,158
02-11-2011 8:00,412
18-11-2012 04:00,10
17-02-2011 13:00,108
19-01-2012 22:00,89
16-05-2012 13:00,297
15-11-2011 10:00,129
11-05-2012 1:00,43
02-01-2012 20:00,107
09-11-2012 9:00,347
19-03-2012 19:00,487
03-12-2011 8:00,74
03-10-2011 12:00,159
11-11-2012 18:00,428
07-11-2011 4:00,5
08-01-2011 14:00,77
14-01-2012 21:00,78
14-11-2011 20:00,254
08-02-2012 19:00,180
18-02-2012 01:00,56
06-08-2011 19:00,238
04-12-2011 11:00,246
11-04-2011 17:00,418
08-11-2012 9:00,331
15-12-2012 17:00,334
15-06-2011 21:00,225
09-03-2012 4:00,4
03-05-2012 9:00,320
14-04-2011 13:00,135
01-10-2012 19:00,468
04-08-2011 15:00,169
14-02-2012 09:00,225
16-11-2012 22:00,145
01-04-2011 21:00,97
03-12-2012 12:00,300
15-05-2012 20:00,338
17-09-2012 23:00,75
18-06-2011 17:00,363
09-09-2012 19:00,478
14-11-2011 06:00,90
16-08-2012 09:00,356
04-08-2011 19:00,317
06-09-2011 20:00,118
12-04-2012 15:00,290
07-01-2012 11:00,201
10-03-2011 12:00,23
15-12-2012 01:00,104
07-12-2011 12:00,45
10-04-2011 20:00,125
14-02-2011 06:00,42
08-03-2011 20:00,87
13-09-2011 14:00,178
07-02-2012 21:00,157
14-05-2012 04:00,8
09-05-2011 0:00,80
10-01-2011 6:00,40
15-05-2012 10:00,176
16-04-2012 14:00,280
15-01-2012 14:00,210
07-12-2012 3:00,9
09-05-2012 18:00,574
05-03-2011 23:00,53
17-09-2011 15:00,295
16-03-2011 21:00,84
15-11-2011 20:00,210
10-06-2011 23:00,126
13-01-2012 16:00,216
11-06-2011 2:00,68
19-10-2012 12:00,335
08-10-2012 12:00,402
06-11-2011 12:00,315
07-12-2011 21:00,97
08-10-2012 0:00,51
16-08-2011 19:00,404
17-11-2012 15:00,524
13-02-2012 18:00,367
10-12-2011 23:00,65
16-01-2012 23:00,27
10-11-2012 0:00,109
08-10-2012 11:00,356
16-08-2011 15:00,172
09-08-2011 19:00,387
10-05-2012 18:00,736
16-02-2012 15:00,82
04-12-2012 22:00,148
12-05-2011 4:00,6
07-07-2012 5:00,12
18-03-2012 11:00,423
01-07-2012 16:00,439
18-06-2012 03:00,7
10-07-2012 23:00,105
02-02-2011 19:00,95
07-12-2011 18:00,72
14-03-2011 06:00,29
18-09-2011 15:00,343
17-03-2012 06:00,20
06-10-2012 8:00,191
10-11-2011 10:00,112
08-06-2011 1:00,22
14-07-2011 08:00,464
01-08-2011 10:00,108
18-12-2012 00:00,35
09-02-2012 14:00,138
03-04-2011 19:00,151
03-06-2011 1:00,31
15-09-2011 22:00,117
01-01-2011 10:00,78
13-03-2011 21:00,50
05-03-2012 13:00,133
14-11-2011 02:00,10
02-09-2011 7:00,291
13-08-2011 18:00,283
14-10-2011 07:00,145
14-02-2012 02:00,7
05-05-2011 8:00,401
06-08-2012 5:00,38
06-09-2012 0:00,65
17-01-2011 10:00,65
07-04-2012 17:00,486
18-10-2012 18:00,840
05-11-2011 14:00,348
09-03-2012 7:00,292
04-08-2012 12:00,519
15-10-2012 08:00,753
07-09-2011 9:00,128
12-01-2011 13:00,67
13-10-2011 16:00,298
06-10-2012 16:00,586
09-09-2011 3:00,7
15-09-2012 03:00,36
07-04-2012 7:00,61
02-04-2012 4:00,11
01-06-2012 11:00,254
11-12-2012 22:00,144
04-11-2012 3:00,27
19-04-2012 22:00,228
14-08-2011 19:00,256
12-11-2011 3:00,16
15-09-2011 14:00,168
01-07-2012 13:00,435
11-11-2011 22:00,79
12-11-2012 8:00,488
06-12-2012 19:00,365
15-07-2012 18:00,325
05-05-2012 8:00,198
04-06-2012 15:00,293
13-01-2012 04:00,7
05-12-2012 13:00,268
11-06-2011 1:00,91
12-04-2012 3:00,3
10-09-2012 21:00,287
18-05-2011 07:00,282
02-03-2012 21:00,114
16-01-2012 15:00,168
12-08-2011 13:00,245
14-05-2012 13:00,236
16-11-2011 20:00,107
16-01-2012 04:00,3
17-02-2012 05:00,22
08-01-2012 17:00,252
14-08-2011 03:00,34
19-04-2012 09:00,321
17-07-2012 02:00,12
11-11-2011 19:00,197
17-09-2011 17:00,272
05-12-2011 3:00,5
01-02-2012 11:00,138
05-07-2011 9:00,200
06-11-2012 1:00,8
12-09-2012 16:00,491
14-03-2012 07:00,390
12-07-2011 19:00,373
15-05-2011 05:00,11
16-06-2012 17:00,580
03-04-2011 1:00,32
11-09-2011 14:00,372
06-05-2012 18:00,470
02-10-2011 14:00,161
01-06-2011 17:00,472
18-08-2012 04:00,12
12-01-2012 22:00,131
02-09-2011 2:00,21
06-04-2012 0:00,44
04-05-2011 8:00,105
14-03-2011 07:00,130
19-10-2011 08:00,313
15-04-2011 19:00,161
08-03-2012 13:00,221
07-08-2012 2:00,9
04-04-2011 3:00,5
02-12-2012 21:00,138
08-05-2012 3:00,4
02-06-2012 2:00,76
13-07-2011 08:00,441
11-09-2012 8:00,736
07-09-2012 0:00,75
13-11-2011 17:00,274
02-03-2011 3:00,3
03-02-2011 13:00,66
13-03-2012 23:00,84
03-05-2011 16:00,282
13-10-2011 04:00,6
06-09-2011 5:00,45
13-06-2012 09:00,315
07-03-2011 21:00,60
01-08-2011 7:00,309
10-05-2012 21:00,229
17-02-2011 06:00,42
15-08-2011 21:00,192
15-02-2011 00:00,17
02-01-2012 22:00,67
16-12-2012 01:00,100
04-05-2012 7:00,386
09-02-2012 4:00,7
10-09-2011 4:00,14
17-09-2011 12:00,330
19-11-2012 11:00,179
16-05-2011 16:00,218
03-05-2012 23:00,140
03-03-2011 22:00,48
17-03-2011 20:00,111
13-08-2011 20:00,208
04-02-2012 14:00,270
11-09-2011 13:00,379
02-06-2011 18:00,569
09-12-2011 17:00,357
03-01-2011 22:00,28
06-03-2011 10:00,62
12-07-2011 21:00,230
13-08-2011 22:00,116
17-06-2011 00:00,51
15-10-2011 20:00,178
10-05-2011 13:00,212
05-02-2012 23:00,37
16-06-2011 11:00,147
19-06-2011 01:00,89
15-04-2012 01:00,98
04-02-2011 15:00,87
10-01-2012 4:00,4
04-12-2012 3:00,6
01-09-2011 19:00,382
09-11-2011 22:00,123
10-10-2012 0:00,42
12-10-2012 22:00,169
02-07-2011 21:00,227
08-06-2011 23:00,96
09-03-2011 16:00,118
11-02-2012 1:00,42
05-02-2011 17:00,77
03-01-2011 0:00,17
11-08-2011 13:00,191
13-12-2011 14:00,145
19-12-2011 19:00,255
01-03-2011 3:00,4
16-08-2012 06:00,171
14-10-2012 02:00,69
04-05-2011 9:00,56
09-09-2012 21:00,221
09-05-2012 16:00,407
06-08-2011 0:00,104
08-09-2011 6:00,71
17-09-2011 04:00,8
02-02-2011 20:00,68
08-12-2011 13:00,134
12-04-2012 11:00,203
06-01-2012 3:00,5
13-11-2011 18:00,268
12-04-2012 16:00,375
13-05-2011 23:00,86
02-01-2011 4:00,9
11-01-2012 21:00,117
02-10-2012 1:00,20
03-08-2012 19:00,479
15-09-2012 18:00,553
12-05-2011 20:00,272
19-04-2011 11:00,116
11-03-2012 7:00,33
07-11-2012 22:00,101
11-05-2011 21:00,174
17-03-2011 18:00,233
11-02-2011 20:00,73
09-02-2011 16:00,72
07-10-2012 20:00,173
09-01-2011 13:00,85
13-04-2011 15:00,109
13-06-2011 12:00,196
07-06-2012 20:00,435
05-01-2012 21:00,120
05-09-2012 10:00,228
15-05-2012 15:00,270
17-08-2011 01:00,20
03-08-2012 3:00,10
19-05-2012 19:00,462
02-01-2011 2:00,31
16-01-2012 22:00,89
01-09-2012 10:00,422
16-06-2011 18:00,369
10-10-2012 13:00,318
13-01-2011 18:00,151
10-02-2011 8:00,206
10-05-2011 2:00,10
12-07-2011 7:00,312
15-04-2012 20:00,299
02-07-2011 22:00,199
04-07-2012 11:00,459
09-08-2011 2:00,9
09-10-2012 13:00,287
17-11-2012 20:00,190
06-09-2012 5:00,40
13-06-2011 04:00,6
05-09-2012 1:00,22
08-07-2011 13:00,213
04-10-2012 19:00,589
02-10-2011 6:00,16
18-06-2011 06:00,35
19-11-2011 23:00,79
09-04-2012 2:00,14
07-01-2012 4:00,7
01-05-2012 6:00,98
19-03-2011 12:00,254
06-04-2011 4:00,3
07-11-2012 12:00,201
19-06-2012 08:00,669
10-03-2011 5:00,8
12-03-2012 21:00,220
16-04-2012 03:00,14
17-12-2012 06:00,124
16-12-2011 18:00,342
16-10-2011 14:00,452
12-09-2012 22:00,246
15-03-2012 17:00,741
07-04-2011 7:00,163
11-11-2011 8:00,227
09-08-2011 10:00,127
09-07-2012 20:00,382
03-06-2011 9:00,226
12-01-2011 18:00,156
14-01-2011 00:00,13
14-08-2011 14:00,369
08-05-2012 11:00,222
09-11-2011 11:00,133
03-12-2012 21:00,162
10-08-2012 6:00,130
01-08-2012 1:00,26
09-06-2012 13:00,561
14-09-2011 22:00,156
04-07-2012 13:00,503
01-11-2012 12:00,203
01-10-2012 17:00,713
14-02-2012 20:00,205
13-01-2012 16:00,219
05-08-2011 16:00,330
16-05-2012 06:00,128
05-04-2012 20:00,273
10-10-2011 1:00,49
07-03-2011 17:00,210
02-09-2012 12:00,452
08-07-2011 4:00,7
15-06-2012 09:00,359
12-01-2011 7:00,82
14-08-2012 23:00,151
13-12-2012 17:00,589
14-12-2011 09:00,224
11-03-2012 21:00,138
06-12-2011 9:00,152
19-10-2012 23:00,159
18-09-2011 09:00,170
08-04-2012 22:00,138
04-01-2012 21:00,94
15-09-2011 11:00,153
15-05-2012 13:00,141
18-12-2012 22:00,151
19-06-2012 23:00,123
05-07-2011 12:00,183
07-08-2012 9:00,362
19-11-2012 22:00,129
16-09-2012 16:00,603
14-12-2011 16:00,217
01-04-2011 22:00,76
02-03-2012 2:00,8
16-04-2011 23:00,59
07-09-2012 21:00,289
09-07-2012 23:00,98
10-12-2011 0:00,70
10-01-2011 3:00,3
13-10-2011 19:00,251
05-01-2012 14:00,115
02-08-2011 1:00,21
16-03-2011 12:00,97
04-06-2011 23:00,129
15-11-2012 08:00,645
18-10-2011 01:00,16
03-10-2012 3:00,4
14-12-2012 06:00,107
14-09-2011 19:00,354
08-07-2012 9:00,230
02-03-2011 19:00,142
19-08-2012 14:00,329
16-03-2011 08:00,237
06-12-2011 7:00,273
05-01-2011 20:00,67
11-11-2011 21:00,96
14-11-2012 12:00,231
03-12-2012 11:00,211
19-03-2012 18:00,727
19-10-2011 15:00,92
15-09-2012 06:00,23
05-04-2011 12:00,85
05-10-2011 22:00,138
14-03-2011 22:00,58
17-05-2012 17:00,775
16-03-2012 20:00,211
07-06-2012 11:00,239
07-09-2011 22:00,78
08-01-2011 22:00,29
17-04-2011 03:00,24
18-05-2012 05:00,30
17-12-2011 03:00,17
01-10-2012 7:00,479
02-12-2012 15:00,504
19-12-2011 09:00,230
07-01-2012 0:00,67
16-12-2012 14:00,364
06-10-2012 22:00,193
13-02-2011 13:00,155
08-11-2011 6:00,95
19-06-2011 17:00,365
01-10-2012 7:00,483
07-08-2011 20:00,202
10-11-2011 23:00,74
03-07-2011 18:00,267
19-05-2012 16:00,566
17-11-2012 12:00,485
07-09-2012 22:00,235
16-04-2012 01:00,40
17-12-2012 10:00,166
03-08-2012 13:00,334
04-02-2012 12:00,240
16-01-2012 04:00,2
10-08-2011 3:00,5
05-12-2011 0:00,23
01-02-2012 19:00,425
08-02-2011 16:00,74
06-10-2012 0:00,123
17-12-2011 23:00,59
05-08-2012 14:00,445
17-06-2012 07:00,50
05-07-2011 17:00,551
08-06-2011 8:00,447
10-11-2011 5:00,13
13-06-2012 14:00,289
04-08-2012 15:00,486
05-09-2012 17:00,842
03-06-2011 11:00,180
12-09-2011 0:00,28
10-08-2012 17:00,785
03-07-2011 20:00,173
19-04-2012 08:00,628
12-07-2012 7:00,484
05-03-2012 0:00,16
14-09-2012 20:00,346
05-01-2012 4:00,5
02-04-2012 17:00,667
11-04-2011 4:00,11
04-09-2012 10:00,177
13-08-2012 14:00,282
15-01-2012 15:00,221
16-10-2011 10:00,304
17-12-2012 13:00,202
02-01-2011 17:00,84
10-10-2012 1:00,19
13-09-2012 07:00,486
03-06-2012 16:00,592
07-12-2012 18:00,500
06-04-2012 19:00,430
12-11-2011 15:00,362
06-10-2011 4:00,5
09-10-2012 23:00,101
12-04-2012 17:00,674
15-04-2011 13:00,193
10-09-2011 3:00,37
17-04-2012 14:00,255
18-07-2012 07:00,503
08-03-2011 16:00,119
03-01-2012 7:00,175
02-10-2012 23:00,92
15-01-2011 07:00,17
10-02-2012 11:00,164
17-03-2011 10:00,106
11-01-2011 17:00,124
03-04-2011 8:00,87
08-09-2011 4:00,7
02-02-2012 17:00,476
11-10-2011 3:00,5
06-08-2011 20:00,190
05-02-2011 0:00,30
09-06-2012 10:00,432
18-07-2011 13:00,154
15-04-2011 21:00,74
14-05-2011 13:00,228
11-05-2011 20:00,274
13-11-2011 03:00,26
07-10-2012 14:00,402
14-04-2012 09:00,265
17-01-2012 19:00,313
01-08-2011 11:00,147
11-02-2011 12:00,73
02-08-2012 5:00,43
10-12-2011 2:00,58
05-01-2011 19:00,130
01-06-2011 10:00,113
18-04-2011 15:00,157
15-03-2011 22:00,53
12-06-2012 15:00,117
04-04-2011 0:00,27
08-02-2011 3:00,3
14-06-2012 15:00,315
14-07-2011 10:00,127
16-02-2011 09:00,132
12-07-2012 18:00,741
08-09-2012 0:00,147
09-11-2011 4:00,3
18-09-2011 20:00,198
03-10-2012 20:00,460
11-04-2011 10:00,101
17-03-2012 04:00,17
12-07-2012 3:00,6
10-12-2012 10:00,141
10-11-2011 19:00,238
08-09-2012 3:00,37
08-09-2011 3:00,3
15-06-2011 15:00,174
04-06-2011 13:00,415
06-05-2011 12:00,200
16-10-2011 09:00,181
18-06-2011 11:00,382
15-05-2011 13:00,367
05-01-2012 11:00,114
05-08-2011 3:00,6
05-12-2012 10:00,176
02-03-2012 20:00,180
09-11-2012 17:00,598
15-03-2011 02:00,7
07-06-2012 21:00,344
09-06-2012 22:00,284
01-04-2011 12:00,108
17-06-2012 02:00,85
18-03-2012 11:00,435
03-01-2011 7:00,86
03-06-2012 22:00,175
04-05-2011 11:00,108
03-06-2012 10:00,426
10-07-2011 5:00,14
12-04-2011 2:00,11
01-08-2012 0:00,49
03-04-2012 2:00,6
03-05-2011 8:00,417
17-05-2011 13:00,129
19-11-2011 01:00,57
14-02-2011 11:00,115
05-06-2011 16:00,425
01-11-2011 6:00,101
09-06-2011 2:00,10
04-01-2012 18:00,262
09-05-2011 5:00,15
06-11-2012 4:00,4
04-12-2012 7:00,409
12-01-2012 21:00,163
18-04-2012 14:00,81
12-12-2012 22:00,123
01-08-2012 14:00,268
08-06-2012 20:00,365
05-09-2011 5:00,21
12-03-2012 15:00,218
11-11-2011 3:00,5
16-02-2012 00:00,21
11-12-2012 0:00,34
06-05-2011 11:00,150
18-08-2012 09:00,286
13-09-2012 09:00,338
16-09-2012 05:00,12
03-01-2012 18:00,244
03-04-2011 10:00,196
19-10-2011 17:00,219
07-08-2011 11:00,361
09-12-2011 2:00,9
15-09-2011 02:00,11
15-09-2012 23:00,208
07-03-2011 15:00,83
16-11-2011 15:00,63
02-02-2012 11:00,92
09-10-2011 9:00,184
07-11-2012 5:00,51
16-12-2011 05:00,34
14-01-2011 23:00,25
19-02-2011 09:00,72
17-03-2012 05:00,14
