datetime,count
05-06-2012 5:00,36.723333333333336
19-03-2011 19:00,160.86
02-04-2012 6:00,93.98666666666666
13-07-2012 20:00,410.9533333333333
09-11-2011 19:00,287.16
10-03-2012 0:00,63.47666666666667
19-05-2011 13:00,171.73
01-05-2011 8:00,90.15333333333334
07-07-2012 8:00,180.94666666666666
07-05-2011 16:00,417.98333333333335
09-04-2011 11:00,164.52333333333334
16-06-2011 04:00,5.21
13-07-2012 22:00,296.2633333333333
02-03-2012 14:00,194.67666666666668
18-05-2012 15:00,356.31333333333333
14-12-2011 22:00,101.23333333333333
17-02-2012 19:00,289.6333333333333
15-04-2012 18:00,503.54
06-10-2012 23:00,175.06333333333333
17-07-2012 00:00,43.35666666666667
13-09-2012 11:00,245.31666666666666
13-01-2012 07:00,225.48
11-08-2012 8:00,195.8
17-09-2011 08:00,98.76
04-11-2011 11:00,155.17333333333335
01-10-2011 11:00,115.77333333333333
03-03-2011 12:00,69.78
05-12-2012 19:00,346.5
18-06-2012 23:00,78.89666666666666
19-09-2012 18:00,878.01
08-11-2011 19:00,294.57
18-02-2011 13:00,197.77
07-11-2011 10:00,121.09
10-08-2011 14:00,184.54
02-05-2012 0:00,43.73
14-01-2011 14:00,59.28666666666667
17-07-2011 01:00,79.87
14-07-2011 15:00,177.31333333333333
04-03-2011 3:00,3.6766666666666667
18-12-2012 15:00,246.66
14-12-2012 10:00,192.30666666666667
14-05-2011 03:00,28.55
19-03-2012 23:00,78.63666666666667
08-01-2011 5:00,2.4
13-08-2011 06:00,29.78
04-08-2011 2:00,8.496666666666666
03-02-2012 5:00,16.253333333333334
16-12-2012 21:00,106.46
04-01-2011 9:00,104.64333333333333
06-04-2011 1:00,6.053333333333334
09-03-2012 11:00,198.71
12-10-2012 20:00,289.06666666666666
14-06-2011 20:00,287.43
06-12-2012 2:00,7.443333333333333
03-12-2012 2:00,10.16
10-07-2011 17:00,363.92
09-01-2012 22:00,76.32333333333334
10-01-2012 17:00,477.64
07-08-2012 4:00,5.513333333333334
17-01-2011 04:00,2.7866666666666666
03-05-2011 15:00,165.56
08-04-2012 7:00,81.38
04-07-2011 5:00,10.186666666666667
13-01-2011 14:00,63.623333333333335
18-08-2012 23:00,192.11666666666667
11-12-2012 0:00,26.346666666666668
11-03-2012 9:00,148.64
18-03-2012 08:00,154.45
06-12-2011 3:00,4.273333333333333
05-11-2011 14:00,325.81333333333333
10-10-2012 11:00,252.23
02-11-2011 20:00,192.10666666666665
18-07-2011 21:00,195.15666666666667
09-03-2011 15:00,87.56333333333333
10-12-2012 17:00,546.5966666666667
02-01-2011 20:00,29.8
01-10-2012 10:00,211.49666666666667
17-07-2012 14:00,212.71333333333334
07-03-2012 15:00,213.11666666666667
09-02-2011 22:00,33.306666666666665
16-01-2011 01:00,25.64
19-02-2012 12:00,210.03333333333333
09-02-2011 2:00,3.2666666666666666
06-09-2011 9:00,195.65
11-06-2011 8:00,117.37333333333333
08-02-2011 2:00,5.816666666666666
15-08-2012 14:00,260.26
17-05-2011 12:00,133.62
03-04-2012 18:00,764.1866666666666
14-05-2011 07:00,72.62333333333333
06-01-2011 8:00,184.36666666666667
04-05-2011 22:00,94.32666666666667
14-08-2011 18:00,336.65
01-12-2012 18:00,294.9633333333333
11-01-2011 17:00,127.64333333333333
10-02-2011 17:00,166.32666666666665
08-02-2011 23:00,25.3
13-03-2011 04:00,6.8133333333333335
18-06-2012 15:00,255.33
16-04-2012 18:00,502.48333333333335
05-09-2011 10:00,279.71
17-09-2012 05:00,40.28333333333333
05-12-2011 19:00,284.07
10-01-2011 1:00,3.9633333333333334
08-05-2012 8:00,598.7566666666667
08-07-2011 16:00,223.64333333333335
06-09-2012 7:00,472.12666666666667
06-11-2012 17:00,586.0766666666667
05-03-2012 20:00,168.59
01-10-2011 13:00,199.02333333333334
17-04-2011 14:00,340.57
18-08-2012 11:00,548.2466666666667
03-09-2012 22:00,220.62666666666667
13-03-2011 08:00,51.053333333333335
12-05-2011 8:00,424.7966666666667
10-10-2011 11:00,312.99333333333334
11-04-2012 10:00,173.82
15-05-2011 09:00,171.5
06-10-2011 17:00,575.8466666666667
12-06-2011 7:00,41.66
15-04-2011 20:00,98.41
05-04-2012 14:00,273.59
13-04-2012 14:00,352.0733333333333
10-05-2012 8:00,664.4833333333333
02-02-2011 15:00,100.23
09-03-2011 9:00,138.7
19-05-2012 20:00,324.42333333333335
11-07-2012 18:00,802.49
18-04-2012 02:00,12.01
19-09-2012 13:00,307.37666666666667
04-11-2012 20:00,149.48333333333332
15-12-2012 11:00,418.69377777777777
08-04-2012 3:00,26.15
11-09-2011 0:00,112.06
16-12-2012 11:00,350.67
03-03-2012 15:00,569.0733333333334
03-11-2011 12:00,176.70666666666668
15-01-2012 01:00,53.236666666666665
07-10-2011 1:00,18.003333333333334
07-11-2011 0:00,19.27
04-03-2011 18:00,194.56
14-03-2012 12:00,266.5233333333333
11-05-2012 4:00,14.056666666666667
16-12-2012 07:00,56.41
01-03-2011 11:00,74.80333333333333
12-01-2012 5:00,12.756666666666666
13-08-2011 21:00,139.64333333333335
19-11-2012 01:00,11.163333333333334
09-09-2012 12:00,662.65
06-09-2011 16:00,119.12
17-08-2012 14:00,348.3566666666667
16-08-2011 07:00,322.08
01-04-2011 6:00,33.85
03-06-2012 17:00,580.13
09-01-2012 17:00,160.77666666666667
18-10-2012 04:00,5.736666666666666
02-06-2012 21:00,290.41333333333336
02-12-2011 17:00,417.24333333333334
02-08-2012 14:00,267.86333333333334
03-12-2011 5:00,3.8433333333333333
12-10-2012 19:00,352.62666666666667
02-05-2012 17:00,622.4266666666666
07-11-2012 14:00,190.54333333333332
05-04-2012 3:00,4.066666666666666
03-06-2012 12:00,626.84
01-04-2011 3:00,6.845
04-01-2011 5:00,10.946666666666667
06-04-2012 3:00,12.476666666666667
09-07-2012 18:00,767.1333333333333
17-08-2012 22:00,115.21
17-11-2012 14:00,518.5666666666667
19-03-2012 21:00,277.93333333333334
05-01-2012 15:00,162.72333333333333
17-02-2011 03:00,2.526666666666667
13-04-2011 04:00,6.613333333333333
18-11-2011 04:00,6.817222222222222
12-09-2011 6:00,112.54666666666667
13-12-2011 08:00,329.36
06-01-2011 21:00,47.306666666666665
11-11-2011 18:00,289.29333333333335
08-03-2012 16:00,371.93666666666667
05-09-2012 18:00,829.3966666666666
09-03-2011 9:00,135.39
02-06-2011 9:00,220.58666666666667
19-03-2012 14:00,248.38
10-11-2012 2:00,64.36333333333333
18-12-2012 21:00,174.07
02-05-2011 4:00,22.563333333333333
08-05-2011 4:00,11.343333333333334
17-08-2012 01:00,46.586666666666666
14-11-2011 23:00,73.57333333333334
15-11-2011 05:00,30.926666666666666
09-01-2012 23:00,49.74333333333333
10-11-2012 5:00,7.796666666666667
03-12-2011 14:00,299.48
08-03-2011 14:00,100.98666666666666
08-09-2012 15:00,455.79
13-08-2012 09:00,319.28333333333336
04-05-2011 6:00,68.13333333333334
17-03-2011 21:00,97.76
01-04-2012 2:00,61.86666666666667
15-03-2012 17:00,743.0366666666666
05-05-2012 10:00,427.16333333333336
11-10-2012 14:00,323.8066666666667
14-06-2012 05:00,29.893333333333334
01-08-2011 5:00,28.136666666666667
03-08-2011 3:00,7.013333333333334
09-06-2011 6:00,119.55666666666667
08-08-2011 17:00,540.1733333333333
16-04-2011 22:00,56.343333333333334
13-01-2011 05:00,3.683333333333333
07-04-2012 20:00,238.40666666666667
06-08-2012 1:00,21.423333333333332
08-07-2012 0:00,153.30333333333334
04-11-2011 12:00,191.80333333333334
08-04-2011 13:00,80.63
13-02-2011 17:00,134.92666666666668
01-08-2011 7:00,297.93333333333334
10-06-2011 1:00,31.89666666666667
11-03-2011 9:00,152.84666666666666
12-06-2012 18:00,467.29
15-05-2011 15:00,373.75333333333333
01-10-2011 12:00,203.22333333333333
08-01-2011 23:00,20.0
12-06-2012 0:00,49.68
07-04-2012 16:00,545.0866666666667
01-05-2012 8:00,527.2033333333334
14-09-2012 08:00,692.83
01-05-2011 17:00,245.66666666666666
04-11-2012 23:00,42.95
13-01-2012 09:00,198.09
06-01-2012 21:00,140.07666666666665
15-07-2011 21:00,223.57666666666665
13-05-2011 03:00,6.243333333333333
11-12-2012 23:00,142.3
09-06-2012 16:00,479.92333333333335
16-02-2012 22:00,118.26666666666667
10-12-2011 16:00,238.29
10-07-2012 16:00,406.9766666666667
02-10-2011 3:00,21.356666666666666
04-08-2011 3:00,4.946666666666666
11-07-2011 15:00,160.9
12-04-2012 20:00,285.4033333333333
05-01-2012 3:00,3.361666666666667
10-02-2011 20:00,68.57
13-06-2012 13:00,306.7133333333333
03-12-2011 6:00,15.173333333333334
19-11-2011 07:00,49.093333333333334
07-03-2011 6:00,36.17333333333333
17-04-2012 08:00,592.0633333333334
13-10-2012 17:00,484.5733333333333
11-05-2012 4:00,10.52
12-02-2011 7:00,19.996666666666666
09-04-2012 5:00,29.636666666666667
10-12-2011 9:00,135.52666666666667
06-12-2011 21:00,139.63
18-12-2012 00:00,29.71
05-06-2011 5:00,11.406666666666666
17-09-2011 11:00,312.74333333333334
12-12-2012 5:00,36.43
10-12-2011 20:00,118.76
13-04-2012 10:00,234.15333333333334
19-10-2011 02:00,8.72
19-02-2011 00:00,62.75666666666667
07-03-2012 4:00,2.8333333333333335
14-10-2011 16:00,343.7266666666667
17-01-2012 21:00,173.74666666666667
13-08-2012 02:00,12.096666666666666
19-02-2011 06:00,14.576666666666666
03-08-2011 6:00,71.63
15-04-2012 08:00,168.09333333333333
08-02-2011 3:00,3.58
16-01-2011 10:00,74.66333333333333
12-12-2012 21:00,149.16333333333333
02-08-2012 9:00,339.06333333333333
17-12-2012 05:00,41.346666666666664
01-09-2011 2:00,12.783333333333333
19-04-2012 00:00,32.086666666666666
19-02-2011 18:00,104.52666666666667
05-04-2011 16:00,139.99666666666667
08-06-2011 18:00,479.75
18-10-2011 18:00,494.68666666666667
19-02-2012 23:00,50.766666666666666
09-01-2011 10:00,80.61
16-02-2011 01:00,4.723333333333334
13-12-2012 00:00,38.4
01-06-2012 16:00,480.37
18-03-2011 07:00,136.63
16-12-2012 04:00,10.026666666666667
05-05-2012 0:00,116.05333333333333
16-08-2012 19:00,597.4633333333334
06-08-2011 16:00,284.62
02-04-2012 6:00,99.56
13-01-2012 19:00,255.42666666666668
08-05-2011 19:00,280.87666666666667
08-08-2011 15:00,158.15333333333334
04-11-2011 4:00,6.2491666666666665
01-08-2012 22:00,261.0933333333333
16-02-2012 06:00,96.19333333333333
16-01-2012 04:00,2.466666666666667
01-07-2012 3:00,33.986666666666665
18-06-2011 23:00,134.62333333333333
13-10-2011 06:00,64.73666666666666
02-01-2011 0:00,63.22
05-08-2011 0:00,67.06333333333333
03-10-2012 15:00,276.07
18-09-2012 09:00,317.47
09-10-2012 19:00,482.4533333333333
04-10-2012 9:00,319.28
10-08-2011 16:00,282.39
07-05-2012 5:00,27.326666666666668
04-02-2012 5:00,5.21
08-04-2012 4:00,13.63
02-07-2012 13:00,250.29
06-12-2011 16:00,101.64
03-10-2011 20:00,138.67
01-03-2012 22:00,128.24
10-05-2012 10:00,171.69666666666666
02-09-2011 20:00,240.75333333333333
01-09-2011 11:00,158.25
05-02-2012 6:00,12.39
07-06-2011 21:00,191.04
05-11-2011 22:00,99.40666666666667
07-04-2011 14:00,139.67666666666668
17-05-2012 02:00,17.796666666666667
07-02-2012 14:00,157.9
09-02-2012 0:00,12.233333333333333
12-02-2011 9:00,46.166666666666664
02-06-2011 23:00,133.94
09-11-2011 14:00,168.21666666666667
12-09-2012 10:00,212.69
12-03-2012 6:00,94.75666666666666
10-05-2012 3:00,4.483333333333333
19-01-2012 00:00,12.633333333333333
10-06-2012 22:00,154.31
04-11-2011 20:00,153.65
04-01-2012 13:00,81.26666666666667
02-09-2011 5:00,28.923333333333332
19-02-2011 16:00,158.45333333333335
03-05-2012 18:00,725.43
15-12-2012 23:00,135.78333333333333
01-05-2012 10:00,155.10666666666665
05-06-2012 20:00,404.14666666666665
01-01-2011 12:00,112.63
14-06-2012 02:00,8.033333333333333
01-07-2012 23:00,113.6
11-06-2012 22:00,228.02
16-05-2012 18:00,834.2966666666666
13-03-2011 00:00,51.97666666666667
12-06-2012 0:00,49.70333333333333
09-03-2012 14:00,220.25333333333333
07-10-2011 0:00,42.333333333333336
05-10-2011 21:00,176.32333333333332
11-02-2011 5:00,9.153333333333334
13-10-2012 00:00,106.45166666666667
07-11-2012 18:00,501.3833333333333
02-01-2012 19:00,139.10666666666665
03-12-2012 7:00,384.47333333333336
05-08-2012 17:00,478.12
14-03-2012 20:00,375.64666666666665
06-12-2011 1:00,19.666666666666668
05-11-2011 16:00,295.22333333333336
09-07-2012 11:00,223.22333333333333
03-03-2011 18:00,160.84666666666666
08-05-2011 14:00,379.49
04-09-2011 13:00,385.82
05-06-2012 17:00,766.5533333333333
07-11-2011 18:00,454.94
02-03-2012 0:00,25.046666666666667
02-10-2011 20:00,126.39666666666666
13-03-2012 07:00,373.62666666666667
12-06-2011 18:00,262.93333333333334
13-04-2012 17:00,739.8033333333333
14-07-2011 02:00,8.676666666666666
11-12-2011 11:00,239.36
04-04-2011 12:00,139.44666666666666
16-03-2012 07:00,318.51666666666665
16-05-2012 17:00,833.39
05-04-2012 11:00,211.33666666666667
11-11-2012 0:00,108.87
02-09-2011 3:00,4.898333333333333
02-05-2012 13:00,225.29
08-06-2012 16:00,510.5933333333333
11-11-2012 2:00,61.473333333333336
15-02-2012 12:00,166.11666666666667
14-04-2012 04:00,10.116666666666667
13-09-2011 23:00,79.61
01-03-2011 12:00,80.43666666666667
17-05-2011 03:00,4.466666666666667
19-09-2011 10:00,120.83
15-05-2011 02:00,56.95333333333333
02-11-2012 14:00,290.1
06-03-2012 20:00,205.78
08-08-2012 14:00,253.76
06-03-2012 17:00,452.12333333333333
11-01-2011 9:00,122.79
01-11-2011 8:00,380.56
19-11-2012 03:00,8.586666666666666
14-03-2012 06:00,123.76666666666667
02-02-2012 20:00,194.09
03-11-2011 0:00,36.806666666666665
09-03-2011 4:00,3.1946666666666665
09-04-2011 3:00,7.99
14-08-2012 06:00,132.04333333333332
15-11-2012 00:00,48.55
13-12-2012 01:00,18.636666666666667
03-09-2012 2:00,32.4
01-11-2011 2:00,6.04
01-04-2011 5:00,9.84
01-01-2012 21:00,123.07
16-05-2012 15:00,276.49
15-07-2011 05:00,26.773333333333333
02-12-2011 5:00,20.243333333333332
02-02-2012 12:00,168.26
11-08-2011 4:00,7.36
11-10-2012 19:00,386.6666666666667
06-06-2011 2:00,7.6433333333333335
13-11-2011 01:00,62.74
08-06-2011 12:00,162.71
03-07-2012 11:00,217.91333333333333
17-01-2011 15:00,78.46
16-04-2011 10:00,60.41
15-04-2011 09:00,189.75666666666666
07-05-2011 9:00,200.24
10-12-2012 2:00,5.986666666666666
09-09-2011 22:00,116.77666666666667
01-06-2012 9:00,322.91333333333336
18-05-2012 11:00,270.04333333333335
05-12-2011 18:00,408.5466666666667
09-04-2011 19:00,179.47
05-08-2011 12:00,223.01
14-08-2012 13:00,288.82666666666665
15-06-2011 22:00,160.81
08-07-2011 4:00,7.663333333333333
15-10-2012 05:00,43.733333333333334
14-01-2012 06:00,4.536666666666667
08-02-2012 23:00,57.84
13-07-2012 15:00,350.07
17-10-2012 07:00,380.2266666666667
02-07-2012 3:00,11.966666666666667
17-11-2012 08:00,160.46666666666667
18-11-2011 08:00,334.8833333333333
14-10-2012 02:00,77.71666666666667
14-01-2011 07:00,70.84666666666666
15-12-2012 10:00,308.92
18-12-2011 01:00,66.42
16-02-2011 05:00,4.516666666666667
04-08-2011 8:00,411.29333333333335
19-07-2011 19:00,351.75
08-11-2012 0:00,39.06666666666667
13-10-2012 18:00,413.05333333333334
04-05-2012 0:00,81.72
16-06-2011 17:00,340.58
11-10-2011 17:00,492.1333333333333
12-10-2012 3:00,10.98
19-11-2011 17:00,292.2
07-02-2011 5:00,11.07
05-05-2012 15:00,414.59
19-05-2012 07:00,120.3
11-04-2012 6:00,94.1
09-03-2012 17:00,534.0166666666667
09-11-2012 21:00,190.02333333333334
05-06-2011 17:00,354.87
15-03-2012 18:00,748.0966666666667
07-07-2012 4:00,11.236666666666666
03-05-2012 8:00,358.0933333333333
11-09-2012 22:00,207.19333333333333
03-01-2011 16:00,79.33666666666667
12-03-2012 2:00,7.583333333333333
14-05-2011 23:00,75.17
11-05-2011 13:00,206.20666666666668
08-10-2011 13:00,438.63
13-09-2011 19:00,362.3466666666667
11-05-2011 18:00,538.2933333333333
12-11-2011 11:00,281.5366666666667
17-02-2012 07:00,224.7
12-08-2012 10:00,430.77666666666664
19-09-2011 00:00,44.35666666666667
16-12-2011 23:00,81.12333333333333
09-08-2012 18:00,841.1333333333333
17-08-2011 19:00,391.58
02-11-2011 4:00,3.5106111111111113
01-11-2011 7:00,245.67
13-08-2011 06:00,29.766666666666666
02-12-2012 13:00,407.24666666666667
01-10-2011 0:00,92.90666666666667
09-09-2012 23:00,106.07
02-04-2011 20:00,94.46666666666667
19-06-2011 07:00,52.45
16-07-2011 15:00,451.29
15-10-2012 03:00,6.63
16-08-2011 17:00,540.73
18-11-2011 22:00,87.28333333333333
15-08-2012 19:00,628.24
05-01-2012 9:00,227.43333333333334
06-06-2011 9:00,204.17666666666668
07-07-2011 15:00,161.67666666666668
16-07-2011 07:00,41.96666666666667
04-11-2012 0:00,110.08
02-08-2012 6:00,175.65
01-01-2012 8:00,54.25
09-11-2012 5:00,28.986666666666668
04-09-2011 1:00,80.67
17-01-2012 02:00,6.973333333333334
18-11-2012 02:00,49.733333333333334
03-05-2011 12:00,185.03666666666666
02-03-2012 18:00,307.77
11-09-2012 3:00,5.533333333333333
06-06-2011 19:00,393.15
06-08-2012 6:00,162.54666666666665
04-04-2012 11:00,221.89666666666668
19-03-2011 00:00,72.08666666666667
01-04-2012 3:00,28.496666666666666
19-04-2011 01:00,15.726666666666667
16-02-2011 15:00,164.90333333333334
16-07-2012 22:00,266.61
14-02-2012 04:00,1.7666666666666666
13-12-2012 03:00,6.826666666666667
19-09-2011 22:00,131.62
05-12-2011 7:00,279.28
04-02-2012 18:00,181.89333333333335
09-02-2011 23:00,23.613333333333333
06-06-2011 6:00,108.32666666666667
12-04-2012 22:00,154.31333333333333
17-07-2011 19:00,319.63666666666666
13-03-2012 16:00,377.8666666666667
16-06-2012 18:00,539.7466666666667
16-04-2011 13:00,65.4
16-11-2012 21:00,173.78666666666666
14-12-2012 03:00,8.231666666666667
09-06-2012 13:00,555.7333333333333
06-06-2011 15:00,167.31
02-04-2012 21:00,196.59333333333333
14-01-2011 20:00,60.93333333333333
15-01-2012 03:00,16.766666666666666
03-09-2012 8:00,400.55
04-08-2011 9:00,206.42333333333335
10-07-2012 0:00,58.04
12-08-2011 10:00,187.41
02-02-2011 15:00,87.76666666666667
08-04-2012 6:00,17.413333333333334
02-05-2011 23:00,67.18
15-06-2012 01:00,33.61333333333334
15-09-2011 03:00,9.76
08-12-2012 2:00,74.00666666666666
06-11-2011 14:00,310.9
11-10-2012 23:00,153.01
12-06-2012 17:00,367.30333333333334
01-03-2011 20:00,78.00666666666666
11-02-2012 9:00,112.25333333333333
03-12-2011 15:00,298.77
11-10-2012 9:00,342.75333333333333
01-03-2011 10:00,70.40333333333334
06-10-2011 11:00,151.81
16-04-2012 10:00,282.66
11-06-2012 15:00,266.75666666666666
05-03-2012 11:00,127.66666666666667
08-07-2012 5:00,16.846666666666668
13-05-2011 00:00,57.77
13-08-2011 01:00,85.44333333333333
09-06-2011 7:00,309.25
07-11-2011 20:00,204.39666666666668
19-03-2011 09:00,129.7
14-11-2011 13:00,192.22
11-12-2011 8:00,94.29
18-11-2012 20:00,141.11666666666667
13-02-2012 11:00,113.75666666666666
18-04-2012 18:00,518.2433333333333
08-08-2011 6:00,97.81
03-07-2011 10:00,270.24666666666667
18-08-2012 06:00,24.54
13-03-2012 02:00,6.386666666666667
07-08-2012 18:00,835.2433333333333
07-02-2011 22:00,43.25
05-06-2012 22:00,203.49333333333334
12-06-2011 11:00,327.26
13-01-2012 11:00,138.6
08-07-2012 22:00,141.54666666666665
17-09-2011 23:00,110.05
05-02-2012 4:00,5.776666666666666
01-05-2011 19:00,194.04
06-10-2012 14:00,639.3366666666667
04-09-2012 16:00,429.7
07-11-2012 1:00,14.283333333333333
16-04-2011 14:00,109.24666666666667
17-07-2012 17:00,623.3433333333334
16-10-2012 21:00,220.97666666666666
09-05-2011 15:00,185.9
05-09-2011 9:00,198.88333333333333
06-10-2012 12:00,691.3866666666667
14-05-2012 07:00,155.79666666666665
07-08-2012 12:00,287.74333333333334
08-06-2012 23:00,208.51333333333332
07-09-2011 21:00,120.18666666666667
09-06-2012 13:00,556.8766666666667
15-06-2012 23:00,207.98
18-08-2012 19:00,446.14666666666665
15-12-2012 08:00,146.53
04-01-2012 14:00,80.84666666666666
01-04-2012 7:00,58.14666666666667
05-12-2011 8:00,378.7133333333333
12-01-2011 8:00,174.07333333333332
04-02-2012 19:00,127.72333333333333
12-03-2011 2:00,19.973333333333333
02-09-2011 5:00,19.61
06-12-2011 22:00,94.54333333333334
08-08-2011 21:00,197.63
09-02-2011 20:00,52.776666666666664
05-09-2012 3:00,4.1866666666666665
15-11-2012 22:00,144.79333333333332
09-05-2012 4:00,5.096666666666667
01-03-2011 6:00,34.34
08-02-2011 10:00,57.07333333333333
09-02-2011 0:00,13.746666666666666
07-05-2011 10:00,291.28
01-11-2012 8:00,638.281111111111
19-03-2011 09:00,115.05
06-02-2011 15:00,161.85333333333332
16-02-2011 07:00,104.36666666666666
06-10-2011 9:00,200.73
14-08-2012 21:00,306.79333333333335
16-02-2011 12:00,85.65
07-05-2011 6:00,27.133333333333333
05-08-2012 15:00,437.2133333333333
18-07-2012 12:00,218.00333333333333
15-04-2012 23:00,94.28666666666666
09-08-2011 17:00,538.73
09-06-2012 15:00,518.61
11-04-2012 18:00,491.24666666666667
09-09-2012 3:00,37.25
10-09-2012 12:00,321.8333333333333
15-09-2012 00:00,111.62
15-11-2011 01:00,13.893333333333333
18-02-2011 11:00,129.67333333333335
04-07-2011 2:00,38.70333333333333
02-07-2011 2:00,67.09666666666666
16-06-2011 01:00,23.813333333333333
02-11-2011 2:00,6.703333333333333
03-12-2012 5:00,43.92333333333333
12-12-2011 0:00,33.21666666666667
04-08-2012 4:00,9.616666666666667
02-07-2012 2:00,12.983333333333333
06-05-2012 23:00,94.25666666666666
03-05-2012 10:00,187.57666666666665
05-03-2012 6:00,88.16666666666667
17-01-2011 20:00,43.97666666666667
19-05-2011 15:00,175.88333333333333
01-05-2011 13:00,321.3433333333333
05-03-2011 0:00,35.64333333333333
18-01-2012 18:00,263.75666666666666
09-03-2011 20:00,84.75333333333333
07-02-2012 18:00,479.62666666666667
15-08-2012 01:00,40.89333333333333
17-06-2012 13:00,575.6133333333333
09-04-2012 16:00,355.51666666666665
15-09-2012 05:00,14.653333333333334
10-05-2011 14:00,178.25333333333333
13-06-2012 08:00,660.91
17-01-2012 15:00,147.65666666666667
07-06-2011 13:00,168.57
16-04-2011 04:00,5.073333333333333
11-09-2012 15:00,310.26
02-04-2012 20:00,290.78
09-07-2011 17:00,369.35333333333335
19-07-2011 09:00,192.18666666666667
13-06-2012 02:00,11.356666666666667
04-10-2011 8:00,380.25333333333333
09-05-2011 13:00,197.57666666666665
14-11-2012 13:00,221.86
04-09-2011 3:00,35.20666666666666
19-08-2012 08:00,144.11666666666667
10-03-2012 12:00,278.1166666666667
07-10-2011 6:00,95.15666666666667
19-12-2011 10:00,145.36
14-06-2011 21:00,208.78333333333333
12-01-2012 12:00,120.34666666666666
06-04-2011 22:00,98.99666666666667
19-05-2012 00:00,122.17061111111111
03-07-2012 3:00,3.953333333333333
14-03-2011 19:00,166.93666666666667
13-07-2012 13:00,352.46
14-03-2011 14:00,95.41333333333333
15-02-2012 09:00,210.60666666666665
02-11-2012 13:00,297.17
08-02-2012 22:00,89.41
01-05-2011 18:00,219.12
19-12-2011 20:00,192.55333333333334
14-03-2011 09:00,147.22333333333333
18-12-2011 03:00,19.296666666666667
18-05-2012 00:00,73.87333333333333
01-07-2011 16:00,332.5233333333333
06-03-2012 6:00,88.44333333333333
17-12-2012 22:00,136.51666666666668
17-03-2012 21:00,223.51333333333332
10-10-2011 19:00,290.60333333333335
15-09-2012 04:00,14.433333333333334
08-02-2012 3:00,2.1933333333333334
06-01-2012 15:00,300.72
19-04-2012 08:00,651.96
12-07-2012 4:00,7.866666666666666
19-04-2012 00:00,31.96
02-04-2012 16:00,362.66333333333336
16-02-2012 17:00,264.9633333333333
19-08-2012 15:00,538.1166666666667
02-05-2012 23:00,95.77333333333333
07-03-2012 14:00,207.39333333333335
17-02-2011 18:00,278.83
01-05-2011 16:00,278.75333333333333
11-02-2012 5:00,5.466666666666667
13-07-2012 06:00,148.04666666666665
09-02-2011 14:00,55.54
19-08-2012 02:00,86.42
14-08-2012 07:00,372.2133333333333
15-01-2011 00:00,28.99
02-07-2011 0:00,105.31666666666666
04-04-2011 2:00,9.313333333333333
18-01-2012 08:00,489.21666666666664
15-11-2012 23:00,120.60333333333334
13-07-2012 23:00,205.64666666666668
17-07-2012 08:00,608.6966666666667
08-10-2012 21:00,176.22
19-05-2012 02:00,85.25666666666666
11-01-2012 22:00,78.08333333333333
18-03-2011 10:00,156.89333333333335
19-09-2011 08:00,400.60333333333335
02-05-2012 20:00,334.36
10-07-2011 0:00,109.83333333333333
06-04-2012 11:00,237.30666666666667
13-10-2012 16:00,550.82
01-06-2011 19:00,350.58
02-11-2011 0:00,19.08
17-12-2011 15:00,221.19666666666666
04-07-2011 21:00,235.55333333333334
03-11-2012 1:00,116.25472222222221
06-12-2012 9:00,343.18672222222233
13-10-2012 10:00,343.96555555555557
18-02-2011 21:00,101.99666666666667
08-04-2012 21:00,207.75666666666666
16-10-2012 00:00,35.803333333333335
13-10-2011 09:00,121.96666666666667
04-10-2012 11:00,239.46666666666667
09-12-2012 10:00,238.96
18-08-2012 13:00,588.64
13-02-2011 04:00,2.7533333333333334
03-08-2011 12:00,172.67666666666668
08-02-2012 9:00,232.03666666666666
08-08-2012 17:00,848.36
15-10-2011 06:00,22.516666666666666
04-06-2011 7:00,43.36
07-06-2011 5:00,25.993333333333332
04-07-2011 10:00,302.63666666666666
06-01-2012 0:00,21.75
19-11-2011 03:00,11.766666666666667
08-04-2011 9:00,154.17666666666668
07-10-2012 6:00,19.643333333333334
07-05-2012 2:00,15.276666666666667
03-06-2012 20:00,350.1766666666667
02-02-2011 21:00,50.666666666666664
17-05-2012 22:00,233.32
14-03-2012 22:00,183.40666666666667
02-09-2011 11:00,180.69333333333333
17-10-2011 08:00,410.51
17-09-2011 18:00,270.63
06-12-2012 11:00,187.39666666666668
17-04-2012 20:00,366.9266666666667
05-06-2012 4:00,5.213333333333333
06-01-2011 16:00,76.79333333333334
15-09-2012 02:00,78.10333333333334
12-01-2012 1:00,10.16
14-11-2011 12:00,192.53
13-09-2012 21:00,309.86
12-02-2012 2:00,43.153333333333336
17-09-2012 15:00,316.51
10-05-2011 8:00,433.43
11-10-2011 7:00,299.12
01-12-2012 8:00,128.79333333333332
16-07-2012 06:00,161.66666666666666
16-01-2012 14:00,194.83333333333334
12-11-2012 11:00,390.2266666666667
17-12-2011 14:00,222.49
16-06-2011 10:00,126.30666666666667
02-09-2011 23:00,128.61
05-08-2012 11:00,489.03
15-02-2012 06:00,94.88
05-07-2012 22:00,257.09
02-06-2011 11:00,160.24333333333334
16-12-2011 21:00,123.54666666666667
04-10-2011 13:00,187.64333333333335
09-02-2011 13:00,60.526666666666664
02-01-2011 12:00,100.05666666666667
19-03-2011 01:00,37.32333333333333
06-11-2012 16:00,318.5
04-05-2012 10:00,220.56666666666666
05-09-2011 17:00,226.82
10-06-2011 12:00,201.85
12-11-2012 23:00,77.06333333333333
05-03-2012 19:00,272.19666666666666
04-05-2011 3:00,7.16
09-08-2011 12:00,170.03333333333333
07-06-2011 6:00,113.68333333333334
08-05-2012 3:00,3.2266666666666666
19-10-2012 20:00,257.8566666666667
09-11-2011 9:00,210.1
19-03-2012 03:00,6.32
01-11-2012 6:00,130.7
08-07-2011 14:00,162.9
07-08-2012 13:00,283.7366666666667
05-12-2012 13:00,264.39666666666665
09-02-2012 21:00,144.98333333333332
02-05-2011 15:00,178.14
05-08-2012 4:00,14.286666666666667
18-12-2012 15:00,260.80333333333334
15-04-2011 14:00,177.88666666666666
19-02-2012 14:00,249.59333333333333
18-07-2012 09:00,324.6666666666667
11-07-2012 20:00,474.7
19-11-2012 02:00,8.046666666666667
01-01-2012 2:00,56.04
09-04-2011 4:00,7.1433333333333335
01-03-2012 15:00,224.24333333333334
16-05-2012 05:00,23.273333333333333
06-12-2011 14:00,65.75
14-02-2011 05:00,4.906666666666666
11-05-2011 7:00,266.4166666666667
13-12-2011 22:00,93.78333333333333
10-02-2011 23:00,31.513333333333332
01-09-2012 12:00,601.6766666666666
18-12-2011 14:00,225.58
19-12-2011 11:00,132.66
14-06-2012 03:00,6.08
03-07-2011 6:00,11.15
03-02-2011 9:00,128.25666666666666
19-06-2011 22:00,178.38
10-12-2012 17:00,536.9933333333333
09-08-2012 14:00,262.1333333333333
13-08-2012 13:00,268.45666666666665
12-03-2011 19:00,139.21
19-09-2011 18:00,488.1333333333333
12-09-2012 11:00,241.58333333333334
14-10-2012 22:00,178.54666666666665
10-03-2012 20:00,165.29666666666665
17-02-2011 20:00,155.68666666666667
08-07-2012 16:00,449.06666666666666
11-07-2012 1:00,26.07
15-05-2012 14:00,225.79333333333332
09-07-2012 19:00,575.3
17-11-2011 09:00,183.25
13-03-2012 03:00,2.6533333333333333
19-10-2012 02:00,10.377777777777778
07-02-2011 9:00,119.12333333333333
15-07-2012 17:00,395.71
04-07-2011 21:00,244.90333333333334
18-08-2012 10:00,428.2366666666667
15-03-2011 23:00,28.953333333333333
08-11-2011 8:00,381.12333333333333
01-01-2011 18:00,72.03666666666666
19-01-2012 02:00,2.7
14-07-2011 22:00,174.87666666666667
02-08-2012 18:00,847.1466666666666
06-06-2011 11:00,153.27666666666667
02-05-2011 4:00,14.506666666666666
01-02-2011 10:00,55.836666666666666
02-07-2011 1:00,83.83666666666667
08-12-2011 19:00,214.48333333333332
17-09-2011 22:00,143.63333333333333
11-05-2011 17:00,586.28
07-12-2011 4:00,4.066666666666666
16-12-2011 01:00,32.13666666666666
10-06-2011 2:00,17.53
04-12-2011 14:00,300.24333333333334
19-04-2012 04:00,5.363333333333333
11-10-2012 17:00,864.2833333333333
15-04-2011 22:00,72.40333333333334
10-06-2012 0:00,155.00333333333333
01-08-2011 20:00,292.7633333333333
03-02-2012 20:00,171.58333333333334
11-07-2011 12:00,162.18333333333334
16-08-2011 20:00,290.75666666666666
02-04-2011 4:00,4.65
09-01-2012 13:00,111.82
18-04-2012 15:00,204.16666666666666
13-03-2011 07:00,41.98
11-10-2011 5:00,14.296666666666667
04-08-2011 18:00,434.19666666666666
03-10-2011 22:00,107.66
17-02-2012 04:00,1.7333333333333334
06-11-2011 17:00,268.41333333333336
12-08-2011 22:00,165.53333333333333
10-09-2011 20:00,261.5
02-12-2012 1:00,98.84
09-08-2012 12:00,292.4766666666667
10-10-2012 7:00,490.98333333333335
18-11-2011 03:00,7.01625
11-12-2012 14:00,232.8
07-02-2012 17:00,481.8466666666667
09-08-2012 4:00,6.85
11-07-2011 0:00,50.99
07-08-2012 11:00,221.50666666666666
02-01-2012 18:00,172.08
18-01-2012 03:00,3.5633333333333335
08-09-2011 10:00,74.8
14-07-2012 20:00,226.71666666666667
12-01-2012 10:00,121.81666666666666
05-09-2011 19:00,167.64333333333335
07-11-2011 9:00,177.35333333333332
06-12-2011 1:00,14.08
06-06-2012 22:00,227.94666666666666
12-03-2011 14:00,151.66
17-08-2012 00:00,84.11
01-07-2012 1:00,123.62333333333333
09-01-2012 22:00,71.60333333333334
01-02-2011 23:00,17.643333333333334
14-03-2012 13:00,239.43
11-05-2012 18:00,739.8133333333334
11-11-2012 7:00,57.596666666666664
15-11-2011 07:00,324.8233333333333
04-07-2011 15:00,398.8333333333333
12-09-2012 19:00,603.8766666666667
09-12-2011 5:00,18.163333333333334
18-10-2011 09:00,217.64
02-07-2011 23:00,133.83333333333334
04-01-2011 21:00,57.13
05-09-2011 18:00,272.1166666666667
03-07-2011 23:00,113.99
13-04-2011 05:00,8.946666666666667
15-01-2011 12:00,93.10666666666667
13-09-2011 07:00,336.1933333333333
19-10-2012 04:00,20.916666666666668
18-11-2012 11:00,406.72
07-01-2011 8:00,173.52
17-07-2012 19:00,541.1333333333333
12-12-2012 12:00,239.6
15-11-2012 19:00,360.68333333333334
19-12-2011 16:00,214.48666666666668
12-12-2011 20:00,165.94333333333333
05-06-2011 13:00,381.81333333333333
02-09-2012 15:00,462.74
12-06-2011 12:00,378.04
02-09-2012 7:00,47.03
17-08-2011 06:00,106.6
19-08-2011 04:00,5.634444444444445
03-01-2012 19:00,229.03
07-09-2011 8:00,207.13333333333333
16-09-2011 21:00,158.85666666666665
01-01-2012 4:00,6.653333333333333
06-09-2012 1:00,27.776666666666667
15-02-2011 12:00,74.82
03-11-2012 16:00,403.6766666666667
14-02-2012 19:00,284.76666666666665
19-04-2011 06:00,58.3
01-12-2012 13:00,441.34
03-04-2012 3:00,4.3966666666666665
17-06-2012 19:00,395.50333333333333
12-01-2011 14:00,52.45666666666666
14-12-2012 01:00,31.226666666666667
10-08-2011 0:00,48.01
16-11-2012 08:00,583.6972222222222
10-01-2012 22:00,105.16
01-04-2011 17:00,217.89333333333335
14-06-2012 20:00,422.22
06-01-2012 17:00,455.71
18-05-2011 22:00,135.47333333333333
02-03-2012 19:00,247.81333333333333
12-12-2011 15:00,133.39666666666668
11-05-2012 6:00,144.19666666666666
07-07-2012 5:00,13.043333333333333
06-03-2011 1:00,35.63
01-02-2011 15:00,62.68666666666667
06-04-2012 10:00,203.98
05-09-2012 16:00,444.62
07-12-2011 22:00,56.49
01-11-2011 0:00,20.003333333333334
16-11-2012 08:00,595.8366666666666
14-11-2011 07:00,264.92
14-09-2011 10:00,131.88333333333333
09-11-2011 7:00,276.8466666666667
02-12-2011 22:00,95.33
06-02-2011 7:00,16.243333333333332
10-09-2012 1:00,13.523333333333333
05-09-2011 0:00,114.13333333333334
07-07-2011 8:00,433.3833333333333
01-12-2011 5:00,20.516666666666666
08-02-2012 7:00,238.14666666666668
01-09-2012 5:00,15.046666666666667
09-11-2012 22:00,173.62666666666667
19-04-2011 14:00,128.44666666666666
09-04-2011 15:00,173.63333333333333
08-01-2012 13:00,363.6766666666667
13-10-2011 21:00,165.36666666666667
18-10-2011 07:00,285.7366666666667
17-03-2011 05:00,10.3
01-12-2011 9:00,188.93666666666667
09-02-2011 13:00,58.473333333333336
01-11-2011 13:00,161.44666666666666
19-02-2012 06:00,6.66
04-04-2011 20:00,270.07
09-07-2011 8:00,105.44
06-07-2012 1:00,31.45
08-09-2012 9:00,275.24
18-01-2012 14:00,115.92333333333333
10-01-2012 2:00,7.3133333333333335
15-06-2011 10:00,126.68666666666667
07-09-2012 6:00,173.08666666666667
10-09-2011 10:00,291.2033333333333
17-12-2011 20:00,112.78
15-11-2011 20:00,220.13333333333333
08-03-2012 11:00,226.47666666666666
04-09-2011 6:00,17.67
16-10-2012 15:00,304.73
01-07-2011 1:00,29.136666666666667
03-11-2012 12:00,386.37333333333333
15-04-2012 17:00,526.3
09-10-2012 11:00,247.06666666666666
04-03-2012 18:00,233.16666666666666
01-12-2012 3:00,32.25666666666667
06-10-2011 17:00,575.1366666666667
19-03-2012 04:00,9.033333333333333
19-11-2011 12:00,338.23
14-08-2012 18:00,825.52
02-02-2012 23:00,76.27666666666667
13-06-2012 20:00,429.69
19-11-2012 16:00,346.18333333333334
16-10-2011 12:00,413.4066666666667
09-03-2012 8:00,487.67
01-07-2011 18:00,531.34
07-08-2012 5:00,36.83
14-06-2011 17:00,449.30333333333334
16-02-2011 12:00,86.54
17-09-2012 17:00,832.2466666666667
19-08-2011 19:00,192.30333333333334
16-10-2012 19:00,457.37
03-12-2012 4:00,6.15
08-09-2011 20:00,165.05333333333334
02-04-2012 20:00,292.85333333333335
18-10-2012 22:00,153.15
18-05-2011 16:00,299.29
13-06-2011 20:00,300.58666666666664
10-10-2011 5:00,28.953333333333333
06-12-2011 0:00,24.25
15-10-2011 03:00,29.606666666666666
12-08-2012 22:00,154.13666666666666
05-11-2012 9:00,316.0002777777778
04-08-2011 11:00,137.58333333333334
16-05-2012 10:00,185.99666666666667
14-04-2012 11:00,556.4033333333333
13-07-2012 23:00,204.28
04-10-2012 10:00,184.81
07-10-2012 18:00,192.57
16-03-2011 13:00,98.64333333333333
17-08-2011 18:00,550.6333333333333
18-06-2011 04:00,11.5
01-06-2012 20:00,184.15
05-08-2011 6:00,98.89666666666666
16-10-2011 02:00,61.64333333333333
03-09-2012 17:00,568.9266666666666
18-10-2011 16:00,292.5466666666667
13-07-2011 13:00,154.86666666666667
11-01-2012 5:00,16.483333333333334
06-12-2011 4:00,2.5933333333333333
10-02-2011 16:00,70.14333333333333
19-07-2011 04:00,7.543333333333333
04-02-2011 8:00,210.76
14-04-2012 01:00,68.73166666666667
16-03-2011 11:00,74.56666666666666
06-08-2011 19:00,235.48333333333332
05-12-2012 9:00,337.015
03-05-2011 0:00,29.823333333333334
13-12-2012 21:00,178.86333333333334
03-04-2011 20:00,103.80666666666667
19-12-2012 17:00,577.7866666666666
13-07-2011 04:00,5.8533333333333335
10-01-2011 9:00,122.65666666666667
19-05-2012 04:00,15.116666666666667
09-11-2011 6:00,93.09666666666666
12-10-2012 16:00,423.73333333333335
05-03-2011 4:00,3.9366666666666665
05-03-2011 2:00,19.783333333333335
09-02-2011 11:00,53.12
05-03-2012 9:00,234.955
03-02-2012 0:00,24.813333333333333
08-08-2011 23:00,88.92666666666666
14-04-2012 15:00,637.3733333333333
07-01-2012 17:00,352.61333333333334
06-03-2011 6:00,8.53
04-08-2012 21:00,258.4633333333333
07-07-2011 16:00,286.19666666666666
10-07-2012 10:00,169.37333333333333
13-04-2011 12:00,67.87333333333333
04-03-2011 14:00,101.39666666666666
15-10-2012 19:00,266.8066666666667
10-07-2011 2:00,74.42333333333333
08-03-2011 13:00,93.12666666666667
10-04-2012 11:00,240.03666666666666
06-09-2011 17:00,379.89
09-01-2011 9:00,32.11
15-08-2011 14:00,177.73
01-03-2011 8:00,214.70333333333335
11-01-2011 19:00,90.17666666666666
18-09-2011 00:00,106.52
08-11-2011 12:00,204.6
03-10-2011 9:00,197.04666666666665
06-12-2011 13:00,54.56666666666667
18-02-2011 04:00,2.7933333333333334
13-10-2011 14:00,160.81666666666666
17-09-2012 02:00,11.16
15-04-2012 11:00,504.08
02-03-2011 8:00,234.97
15-10-2011 10:00,297.7266666666667
04-08-2012 5:00,9.9
06-09-2011 15:00,77.90333333333334
12-03-2012 9:00,262.7733333333333
11-06-2012 14:00,249.0
19-10-2011 00:00,33.45
08-11-2012 19:00,360.41333333333336
01-07-2011 5:00,26.483333333333334
17-11-2012 10:00,327.0366666666667
16-05-2011 02:00,9.46
10-08-2012 12:00,299.61
19-06-2012 18:00,785.6033333333334
05-09-2011 3:00,20.39666666666667
14-12-2011 04:00,6.982055555555556
02-08-2012 8:00,709.1666666666666
05-03-2012 10:00,131.37666666666667
04-01-2012 18:00,232.50666666666666
17-07-2012 11:00,207.10333333333332
05-08-2011 10:00,173.41
12-12-2011 16:00,220.51333333333332
16-01-2012 06:00,7.386666666666667
03-02-2012 23:00,64.19333333333333
03-05-2011 2:00,12.483333333333333
04-06-2011 21:00,211.94333333333333
19-10-2011 18:00,218.32
16-08-2012 10:00,218.11666666666667
01-01-2011 14:00,125.55
14-12-2011 03:00,8.4175
17-01-2012 18:00,455.62
19-11-2012 20:00,281.49333333333334
19-10-2011 16:00,135.93333333333334
16-04-2012 00:00,80.05333333333333
06-06-2012 12:00,311.6333333333333
11-11-2011 13:00,236.71333333333334
11-03-2011 5:00,8.81
10-04-2011 7:00,53.50666666666667
08-08-2012 21:00,316.03333333333336
05-03-2011 18:00,216.65333333333334
05-11-2011 6:00,13.936666666666667
16-07-2011 20:00,284.43333333333334
13-12-2012 00:00,37.81333333333333
04-01-2012 9:00,187.37
18-08-2011 11:00,135.92
15-11-2012 22:00,148.89666666666668
13-11-2012 14:00,216.84333333333333
09-12-2011 21:00,139.15
06-04-2012 3:00,10.83
10-08-2012 16:00,477.9
17-09-2011 04:00,6.926666666666667
16-11-2011 21:00,125.91
12-06-2011 19:00,247.09
01-12-2011 7:00,244.80333333333334
16-07-2011 09:00,201.97
04-09-2011 23:00,81.00666666666666
19-08-2011 12:00,216.72333333333333
15-10-2012 23:00,95.34333333333333
05-07-2012 17:00,612.7866666666666
15-08-2011 09:00,203.29666666666665
14-01-2011 22:00,41.93666666666667
15-12-2012 16:00,418.12333333333333
01-04-2011 4:00,3.9035555555555552
14-08-2012 02:00,7.24
11-04-2012 1:00,10.576666666666666
11-06-2012 8:00,646.51
14-03-2011 07:00,131.18333333333334
17-06-2012 22:00,157.51
16-09-2011 02:00,10.63
08-08-2011 19:00,385.9766666666667
19-05-2012 21:00,308.51666666666665
18-05-2012 12:00,355.31333333333333
06-08-2012 22:00,238.83666666666667
19-09-2012 17:00,905.3333333333334
18-04-2012 07:00,432.85
18-02-2012 00:00,66.49666666666667
14-02-2011 19:00,167.73333333333332
17-08-2012 15:00,363.83666666666664
11-03-2011 16:00,119.26333333333334
17-05-2011 22:00,111.49666666666667
13-04-2011 06:00,32.24333333333333
17-10-2011 10:00,122.91333333333333
09-07-2012 10:00,161.30666666666667
10-10-2012 20:00,387.49
05-08-2012 22:00,148.42333333333335
18-06-2011 22:00,164.73
09-06-2012 11:00,561.65
09-03-2011 12:00,75.64333333333333
12-04-2012 19:00,401.3566666666667
10-10-2011 20:00,234.15333333333334
19-03-2011 13:00,283.0933333333333
11-09-2011 15:00,420.0133333333333
13-06-2012 15:00,293.2133333333333
08-03-2012 20:00,365.27
12-01-2011 23:00,20.85333333333333
13-12-2011 03:00,3.5738888888888893
05-08-2011 10:00,175.97666666666666
08-05-2011 23:00,113.17666666666666
08-12-2011 4:00,8.046666666666667
13-07-2012 17:00,764.5733333333334
09-10-2011 7:00,72.52666666666667
17-10-2012 00:00,38.11
05-07-2012 11:00,206.68
07-09-2011 11:00,46.2
10-02-2011 1:00,4.596666666666667
04-05-2012 16:00,495.0933333333333
19-09-2011 23:00,70.14666666666666
16-12-2011 10:00,135.26333333333332
14-06-2011 07:00,330.6433333333333
06-11-2011 9:00,148.80333333333334
18-01-2012 17:00,279.28333333333336
09-12-2012 19:00,167.46
15-11-2011 18:00,414.1533333333333
01-10-2011 12:00,211.12666666666667
10-06-2011 20:00,263.4166666666667
01-08-2011 9:00,178.84
08-07-2012 6:00,21.463333333333335
08-10-2012 18:00,496.1933333333333
14-06-2011 23:00,73.35
01-06-2011 0:00,35.48
02-08-2012 20:00,478.18
08-08-2011 9:00,203.07333333333332
07-06-2012 12:00,323.0966666666667
08-09-2012 22:00,151.85
16-12-2011 15:00,162.23666666666668
09-10-2011 8:00,108.36333333333333
19-08-2012 11:00,305.1666666666667
13-04-2011 17:00,287.63
11-03-2012 13:00,414.7266666666667
18-09-2012 02:00,6.23
05-11-2012 11:00,185.45
17-05-2011 15:00,173.57666666666665
11-06-2011 10:00,272.99666666666667
18-06-2012 17:00,649.4533333333334
13-06-2012 07:00,468.14
04-05-2011 18:00,399.37333333333333
14-07-2012 22:00,249.82666666666665
07-08-2012 9:00,334.49333333333334
03-12-2012 20:00,288.21
17-07-2011 09:00,193.06
05-01-2012 10:00,110.56666666666666
01-09-2011 1:00,22.18
03-08-2011 2:00,12.326666666666666
02-05-2012 7:00,395.92
07-02-2011 13:00,74.45
10-02-2012 5:00,17.026666666666667
06-07-2012 2:00,17.663333333333334
17-04-2012 17:00,746.4333333333333
06-10-2011 6:00,105.59666666666666
01-07-2012 14:00,412.31333333333333
04-09-2012 23:00,148.24
15-02-2012 15:00,153.79
07-09-2012 0:00,59.34
13-07-2011 10:00,109.46
10-06-2011 21:00,189.82666666666665
19-01-2012 19:00,250.70666666666668
08-05-2011 16:00,411.96
19-12-2011 18:00,360.67333333333335
13-08-2011 19:00,248.22666666666666
10-05-2011 22:00,143.71666666666667
14-08-2012 16:00,434.9633333333333
04-09-2012 6:00,170.76333333333332
01-08-2011 21:00,193.55
03-12-2012 0:00,34.10666666666667
18-10-2011 14:00,186.79
19-09-2012 21:00,262.19
10-01-2012 13:00,138.16333333333333
17-12-2012 23:00,85.01
19-01-2012 22:00,88.25666666666666
15-04-2011 21:00,82.16666666666667
14-11-2012 18:00,540.8666666666667
19-08-2012 06:00,20.88
19-05-2012 16:00,575.8833333333333
05-03-2012 5:00,19.523333333333333
18-01-2011 13:00,50.36666666666667
01-02-2012 6:00,84.90666666666667
03-12-2012 16:00,465.53
16-06-2012 11:00,578.1766666666666
12-02-2012 15:00,141.02333333333334
06-09-2012 6:00,173.28666666666666
03-08-2012 5:00,39.46
06-07-2012 15:00,313.08
07-11-2011 8:00,375.36333333333334
04-06-2012 14:00,268.4766666666667
18-11-2012 08:00,127.74666666666667
02-10-2012 18:00,585.5633333333334
15-07-2011 20:00,282.31333333333333
07-09-2012 17:00,794.9733333333334
01-11-2011 21:00,134.76333333333332
03-09-2012 13:00,502.66333333333336
12-03-2012 1:00,9.22
17-10-2012 13:00,290.97333333333336
15-07-2011 00:00,65.57
09-04-2012 22:00,140.73666666666668
10-06-2011 7:00,282.01666666666665
15-02-2012 20:00,203.47666666666666
15-10-2012 20:00,351.96666666666664
08-08-2011 16:00,277.63666666666666
03-09-2012 1:00,63.04
01-12-2012 15:00,442.32
08-08-2011 7:00,304.1066666666667
06-10-2012 7:00,76.13333333333334
17-02-2011 04:00,2.2533333333333334
07-11-2012 6:00,134.24666666666667
09-06-2011 6:00,117.18333333333334
07-12-2012 17:00,534.94
18-08-2011 00:00,52.373333333333335
18-09-2011 02:00,67.48
19-04-2011 15:00,141.31
03-10-2012 6:00,156.69333333333333
07-01-2011 14:00,48.56333333333333
11-08-2011 14:00,176.27333333333334
10-09-2012 10:00,212.58666666666667
04-02-2011 19:00,99.31
10-12-2012 21:00,196.56666666666666
02-07-2011 3:00,33.096666666666664
18-05-2012 21:00,290.42333333333335
02-07-2011 16:00,376.11
16-06-2012 07:00,90.82666666666667
05-02-2011 19:00,49.10666666666667
02-11-2012 8:00,625.8766666666666
19-07-2012 15:00,272.7266666666667
11-07-2012 13:00,267.82666666666665
09-01-2012 22:00,71.13666666666667
02-02-2012 0:00,38.23
11-04-2012 9:00,337.3305555555556
19-04-2012 03:00,5.82
06-04-2012 20:00,247.06
07-03-2011 4:00,3.12
06-03-2011 6:00,9.196666666666667
15-02-2012 21:00,184.59666666666666
07-06-2012 7:00,489.9266666666667
02-08-2011 16:00,277.9
14-04-2012 06:00,19.74
14-10-2011 15:00,226.12333333333333
03-02-2011 8:00,205.96666666666667
17-12-2011 02:00,54.88
09-03-2012 10:00,192.82333333333332
06-08-2012 13:00,275.42333333333335
07-05-2012 6:00,150.19333333333333
03-02-2011 14:00,55.723333333333336
01-01-2012 10:00,166.63
09-06-2011 22:00,173.16666666666666
12-08-2012 11:00,518.2033333333334
17-03-2011 01:00,7.43
15-03-2011 10:00,65.92333333333333
07-07-2012 10:00,356.7033333333333
06-10-2011 8:00,393.69666666666666
14-03-2011 10:00,74.56333333333333
15-03-2012 23:00,90.23
12-07-2011 9:00,204.85
08-12-2011 18:00,293.12
05-10-2012 5:00,40.016666666666666
15-05-2012 23:00,84.45333333333333
03-06-2011 14:00,236.41
15-01-2012 16:00,193.81
02-02-2012 4:00,4.51
14-08-2011 17:00,363.21666666666664
05-05-2012 12:00,555.2966666666666
12-02-2012 16:00,148.08
03-07-2011 4:00,9.92
06-06-2011 16:00,305.42
19-11-2011 06:00,13.503333333333334
13-02-2012 05:00,18.383333333333333
08-10-2012 10:00,306.49666666666667
05-11-2012 5:00,51.25666666666667
18-06-2011 20:00,271.83666666666664
08-01-2011 18:00,56.29333333333334
17-04-2012 11:00,239.24333333333334
14-07-2011 00:00,47.63666666666666
04-11-2012 8:00,130.37333333333333
04-11-2012 18:00,280.65
03-01-2012 7:00,206.51666666666668
02-11-2012 19:00,337.94
08-03-2012 4:00,5.23
02-05-2012 16:00,397.39
13-05-2012 04:00,13.903333333333334
14-09-2012 01:00,37.52
03-02-2011 19:00,106.71333333333334
11-08-2012 9:00,290.22333333333336
09-01-2011 7:00,13.366666666666667
12-01-2011 5:00,13.183333333333334
17-05-2012 14:00,275.2633333333333
17-08-2011 07:00,308.5233333333333
19-01-2012 16:00,191.10666666666665
16-11-2012 00:00,54.23
01-12-2012 9:00,179.65
10-05-2012 9:00,341.19
15-05-2012 21:00,222.09
04-11-2012 11:00,422.48
14-10-2011 03:00,6.56
09-07-2012 5:00,43.75666666666667
02-06-2011 17:00,570.8033333333333
06-07-2011 14:00,162.37333333333333
15-10-2012 04:00,7.376666666666667
12-08-2011 11:00,190.54333333333332
17-04-2011 16:00,317.3566666666667
08-01-2012 18:00,208.40333333333334
17-01-2012 23:00,73.04333333333334
10-11-2011 12:00,147.47333333333333
17-06-2012 15:00,527.55
04-05-2011 7:00,49.156666666666666
12-02-2012 23:00,36.10333333333333
05-05-2012 12:00,584.7033333333334
19-04-2011 22:00,110.9
17-05-2011 07:00,261.8
05-02-2012 15:00,227.83333333333334
18-04-2011 10:00,122.64
15-10-2011 23:00,121.44333333333333
13-11-2012 05:00,43.373333333333335
01-11-2012 10:00,156.69
08-09-2011 15:00,101.71333333333334
11-02-2012 14:00,220.14333333333335
04-11-2012 16:00,397.67333333333335
04-08-2011 13:00,182.46666666666667
05-11-2012 14:00,213.77333333333334
02-11-2012 15:00,293.17333333333335
03-04-2011 6:00,11.01
11-07-2012 10:00,184.91333333333333
05-09-2012 6:00,180.86666666666667
16-09-2011 14:00,214.29666666666665
10-11-2012 9:00,259.58777777777783
10-05-2012 5:00,30.983333333333334
19-03-2012 15:00,251.32
06-08-2011 16:00,284.37666666666667
16-04-2011 19:00,99.3
14-11-2012 11:00,172.72333333333333
08-04-2011 3:00,7.021944444444443
04-05-2012 15:00,307.5133333333333
09-10-2012 14:00,273.14666666666665
02-05-2012 1:00,20.69
07-07-2011 18:00,541.5166666666667
07-05-2011 21:00,169.87333333333333
14-02-2011 14:00,109.43
12-02-2012 22:00,65.96666666666667
09-03-2011 10:00,64.97
12-07-2011 8:00,430.5366666666667
01-04-2011 19:00,152.11
10-11-2011 1:00,10.823333333333334
14-07-2012 13:00,550.0766666666667
14-09-2011 08:00,432.78
11-07-2011 14:00,152.92666666666668
19-04-2012 20:00,338.22
10-06-2011 14:00,207.18
15-07-2011 04:00,6.89
08-06-2011 16:00,263.6933333333333
11-01-2011 0:00,6.823333333333333
09-09-2012 7:00,54.526666666666664
18-05-2012 13:00,351.8066666666667
16-12-2012 22:00,91.23666666666666
02-10-2012 0:00,41.89333333333333
01-10-2011 19:00,187.15
12-06-2012 20:00,331.97
12-02-2011 20:00,56.61666666666667
09-03-2012 6:00,87.12666666666667
15-05-2011 04:00,8.296666666666667
12-02-2012 14:00,146.23
16-09-2011 01:00,19.80666666666667
01-03-2012 19:00,404.57
16-07-2011 07:00,49.95333333333333
03-11-2011 4:00,6.183333333333334
12-05-2011 8:00,441.4533333333333
17-01-2011 21:00,28.833333333333332
16-10-2012 14:00,297.71666666666664
07-05-2012 12:00,252.81666666666666
12-12-2012 19:00,341.45666666666665
11-08-2012 16:00,495.37333333333333
18-01-2012 05:00,18.30666666666667
11-12-2011 16:00,238.15333333333334
15-05-2011 08:00,86.47666666666667
05-04-2012 2:00,16.393333333333334
05-08-2011 7:00,284.01666666666665
17-04-2011 09:00,119.71
07-12-2011 19:00,98.63333333333334
07-11-2012 18:00,493.9066666666667
15-07-2012 20:00,256.99
05-09-2012 2:00,9.843333333333334
11-12-2012 8:00,626.5866666666667
09-07-2011 21:00,221.22333333333333
07-12-2011 11:00,41.18
01-11-2012 16:00,335.73
17-03-2011 00:00,16.233333333333334
11-08-2012 4:00,10.83
02-01-2012 23:00,33.62
08-07-2012 1:00,127.64800000000001
16-03-2012 11:00,242.85
19-12-2012 18:00,528.14
19-08-2012 20:00,276.49333333333334
17-03-2011 10:00,125.94666666666667
04-03-2012 19:00,162.58666666666667
08-08-2011 3:00,5.023333333333333
04-12-2011 16:00,304.3066666666667
18-02-2012 11:00,200.86
09-08-2012 10:00,218.96333333333334
14-07-2011 06:00,113.25333333333333
17-01-2012 09:00,127.58666666666667
15-05-2012 16:00,383.7033333333333
15-12-2011 12:00,156.26333333333332
06-11-2011 23:00,56.78666666666667
06-02-2012 22:00,106.48333333333333
07-07-2012 9:00,253.90333333333334
19-11-2011 20:00,132.23
16-12-2011 10:00,136.01666666666668
16-10-2012 05:00,40.70333333333333
10-02-2012 13:00,172.88666666666666
06-06-2012 8:00,659.11
17-05-2012 01:00,19.05
19-12-2012 03:00,7.434444444444445
03-12-2011 10:00,217.35666666666665
10-01-2011 21:00,53.45666666666666
11-09-2011 4:00,9.123333333333333
19-06-2012 20:00,423.43666666666667
02-02-2011 22:00,39.58
11-05-2011 14:00,182.65666666666667
18-06-2011 15:00,369.91333333333336
05-06-2011 10:00,304.0366666666667
08-02-2012 18:00,185.60666666666665
15-07-2012 12:00,492.31666666666666
04-11-2012 19:00,223.93666666666667
02-08-2011 6:00,104.83333333333333
02-11-2012 3:00,9.271666666666667
14-05-2011 14:00,282.7866666666667
15-08-2011 18:00,525.0533333333333
06-08-2011 17:00,229.27666666666667
13-05-2012 16:00,596.51
15-01-2011 15:00,101.98666666666666
16-06-2011 05:00,26.836666666666666
17-10-2012 22:00,178.49333333333334
17-11-2011 08:00,194.44666666666666
17-07-2011 16:00,373.9066666666667
12-10-2011 15:00,101.95666666666666
13-08-2011 14:00,345.64666666666665
09-06-2012 4:00,15.486666666666666
09-08-2011 21:00,225.22666666666666
10-02-2011 4:00,1.9133333333333333
10-04-2012 14:00,262.79
03-06-2011 7:00,305.45666666666665
12-11-2012 17:00,580.5433333333333
06-10-2012 10:00,472.66
16-11-2011 15:00,77.94
04-06-2011 4:00,9.806666666666667
13-06-2012 17:00,802.13
08-05-2011 12:00,383.75333333333333
05-06-2011 6:00,21.886666666666667
06-12-2012 8:00,631.2766666666666
01-02-2011 2:00,5.666666666666667
13-09-2012 02:00,11.586666666666666
01-10-2012 23:00,95.49
06-10-2011 14:00,186.77333333333334
14-06-2012 01:00,16.56
02-01-2012 5:00,18.316666666666666
18-04-2012 16:00,343.32
08-09-2012 17:00,410.29333333333335
03-04-2012 12:00,305.26666666666665
01-10-2011 2:00,62.50333333333333
13-04-2012 15:00,361.6766666666667
09-03-2011 13:00,72.94666666666667
10-05-2011 9:00,198.7
04-04-2012 6:00,112.9
15-02-2012 07:00,226.92666666666668
09-01-2012 4:00,4.66
03-03-2011 19:00,109.25666666666666
02-06-2011 22:00,181.05
10-01-2012 6:00,73.34
16-09-2012 21:00,218.79
17-01-2012 00:00,13.423333333333334
18-10-2011 06:00,119.71
19-10-2012 09:00,299.88666666666666
16-02-2011 16:00,194.99
07-04-2011 22:00,84.21666666666667
19-07-2012 18:00,755.7266666666667
10-03-2011 22:00,57.17333333333333
07-10-2011 13:00,238.25666666666666
06-11-2012 3:00,5.028333333333333
02-11-2011 19:00,282.3466666666667
15-03-2011 01:00,5.006666666666667
10-02-2012 1:00,23.136666666666667
02-03-2012 5:00,22.843333333333334
01-06-2011 2:00,8.233333333333333
07-05-2012 10:00,158.17
14-01-2011 05:00,7.996666666666667
04-04-2012 0:00,29.27
13-10-2011 22:00,158.73333333333332
12-07-2011 20:00,316.48333333333335
11-02-2012 22:00,69.86666666666666
15-05-2012 19:00,504.7366666666667
11-12-2011 17:00,232.93666666666667
19-06-2012 12:00,286.2366666666667
08-10-2012 20:00,259.44
01-03-2011 23:00,17.313333333333333
19-07-2012 14:00,254.51333333333332
14-07-2012 17:00,432.69
04-06-2011 19:00,336.2733333333333
15-06-2012 00:00,81.18666666666667
13-06-2012 11:00,230.86333333333334
08-04-2012 16:00,533.9266666666666
14-05-2012 10:00,118.29666666666667
19-07-2011 05:00,23.676666666666666
11-11-2012 19:00,286.71666666666664
19-06-2012 07:00,482.5933333333333
02-05-2012 14:00,251.67333333333335
15-07-2012 10:00,403.55333333333334
09-07-2012 8:00,600.1433333333333
01-07-2011 14:00,318.79
12-03-2012 16:00,348.2633333333333
19-02-2011 04:00,5.55
12-12-2011 21:00,125.61666666666666
16-08-2012 15:00,285.86
18-12-2011 06:00,11.04
12-12-2011 17:00,361.11333333333334
01-02-2011 18:00,149.11
08-02-2011 1:00,6.16
18-07-2012 16:00,406.6666666666667
08-06-2012 11:00,276.36333333333334
10-06-2012 22:00,153.74
02-07-2012 20:00,452.31
04-05-2012 22:00,213.25666666666666
09-08-2011 8:00,430.8333333333333
13-12-2012 12:00,230.11
02-06-2011 10:00,125.96
04-11-2012 20:00,149.40666666666667
03-12-2012 7:00,382.58666666666664
03-12-2012 3:00,5.82
13-05-2012 05:00,14.436666666666667
11-04-2012 2:00,7.9
11-04-2012 5:00,20.636666666666667
03-06-2012 14:00,640.85
05-12-2011 14:00,162.36
02-08-2012 12:00,292.32
04-10-2011 7:00,272.93333333333334
13-04-2012 03:00,13.186666666666667
08-06-2012 13:00,380.31666666666666
11-04-2011 20:00,268.1533333333333
19-11-2012 18:00,555.6833333333333
14-07-2012 22:00,247.28
19-02-2011 21:00,51.28
12-12-2011 12:00,134.62
06-07-2011 0:00,47.78666666666667
07-02-2012 16:00,250.62
03-07-2011 12:00,381.1
06-07-2011 10:00,88.59666666666666
13-09-2011 04:00,4.726666666666667
10-05-2012 0:00,65.32666666666667
12-01-2012 0:00,19.48
18-04-2011 22:00,109.60333333333334
15-05-2011 10:00,226.77
09-06-2011 4:00,6.6866666666666665
07-01-2011 10:00,68.08
17-09-2012 19:00,498.67333333333335
12-03-2011 16:00,219.76666666666668
13-02-2012 22:00,120.82666666666667
12-06-2011 2:00,63.656666666666666
16-07-2012 23:00,123.27333333333333
11-11-2012 13:00,605.31
13-04-2011 20:00,127.68
07-03-2012 17:00,590.3133333333334
07-07-2011 7:00,288.21666666666664
05-03-2011 17:00,222.86666666666667
19-04-2012 19:00,516.95
12-06-2011 22:00,157.26333333333332
10-11-2011 11:00,128.30666666666667
04-06-2012 0:00,40.766666666666666
06-12-2011 18:00,287.35333333333335
12-08-2011 21:00,222.4
09-03-2012 22:00,122.64666666666666
04-05-2012 8:00,615.1666666666666
10-01-2011 3:00,2.6633333333333336
04-09-2011 17:00,365.5566666666667
06-10-2012 3:00,31.956666666666667
17-04-2012 09:00,307.01666666666665
08-04-2012 10:00,381.76666666666665
08-10-2011 18:00,409.95666666666665
08-03-2011 7:00,109.06666666666666
19-09-2012 05:00,46.76
07-03-2011 16:00,103.29666666666667
04-02-2012 11:00,209.23666666666668
13-05-2011 08:00,425.91
14-09-2011 21:00,192.59
07-10-2012 10:00,341.27666666666664
17-11-2012 03:00,21.083333333333332
04-09-2011 7:00,51.78333333333333
07-06-2012 8:00,670.01
08-08-2011 2:00,5.27
03-07-2012 15:00,273.7733333333333
04-08-2011 21:00,191.88333333333333
03-04-2011 17:00,236.62333333333333
01-10-2012 9:00,326.13
05-08-2011 17:00,524.2966666666666
14-08-2012 05:00,43.75666666666667
05-12-2012 12:00,233.6
03-05-2012 5:00,27.433333333333334
18-02-2012 09:00,144.86666666666667
05-09-2012 14:00,270.3
07-12-2012 20:00,195.13
17-11-2011 08:00,187.95666666666668
07-02-2011 1:00,3.9133333333333336
17-03-2011 19:00,171.19
12-09-2011 22:00,135.66666666666666
13-06-2011 16:00,304.2366666666667
19-02-2011 14:00,189.69333333333333
15-05-2011 12:00,317.00666666666666
15-04-2012 15:00,611.0733333333334
01-12-2012 22:00,152.59666666666666
04-08-2011 12:00,174.55
19-10-2012 15:00,343.31
13-06-2011 13:00,198.80333333333334
16-11-2011 20:00,121.44666666666667
14-12-2012 21:00,174.56666666666666
10-07-2012 17:00,816.91
03-01-2011 15:00,69.99333333333334
15-06-2012 04:00,7.133333333333334
09-02-2011 10:00,57.266666666666666
01-03-2011 22:00,40.1
11-02-2011 6:00,35.13333333333333
03-01-2012 4:00,2.486666666666667
01-03-2011 1:00,5.89
03-10-2011 4:00,6.08
02-09-2011 15:00,237.64666666666668
01-04-2012 6:00,13.506666666666666
14-05-2012 17:00,375.1933333333333
03-02-2012 13:00,195.29333333333332
05-10-2012 0:00,81.2
07-02-2012 13:00,167.50666666666666
13-05-2012 18:00,433.3466666666667
16-08-2012 14:00,280.8
09-02-2012 23:00,67.10666666666667
13-01-2011 06:00,34.93666666666667
10-10-2011 9:00,214.92
12-03-2012 19:00,466.78
15-04-2011 15:00,210.6
06-03-2011 3:00,16.716666666666665
15-01-2011 03:00,11.77
06-02-2011 3:00,12.753333333333334
04-05-2012 4:00,10.433333333333334
06-02-2012 20:00,201.01
10-03-2012 16:00,366.8
07-09-2011 5:00,15.973333333333333
14-12-2012 05:00,29.47
05-06-2011 22:00,172.82333333333332
03-01-2011 14:00,77.42333333333333
16-07-2011 01:00,80.46333333333334
12-03-2011 9:00,83.16
08-05-2011 7:00,39.06
09-11-2012 8:00,615.7266666666667
09-02-2012 2:00,4.533333333333333
02-10-2011 16:00,161.64666666666668
18-12-2011 09:00,137.30666666666667
04-08-2012 20:00,313.8933333333333
03-08-2012 23:00,179.31666666666666
19-03-2012 08:00,572.9633333333334
16-02-2012 14:00,75.47333333333333
06-08-2011 10:00,260.96
07-01-2011 13:00,61.85
14-11-2012 19:00,353.24666666666667
05-08-2011 5:00,28.10333333333333
16-10-2012 16:00,479.36
07-09-2012 11:00,271.48
06-11-2011 7:00,46.75666666666667
19-02-2011 23:00,34.343333333333334
04-04-2011 9:00,165.73333333333332
10-11-2011 4:00,12.506666666666666
16-10-2012 21:00,203.04666666666665
09-05-2011 22:00,129.66666666666666
02-02-2012 1:00,17.683333333333334
09-05-2011 14:00,184.52
11-09-2011 11:00,379.06
04-01-2012 23:00,44.32666666666667
18-06-2011 07:00,43.54666666666667
18-03-2011 09:00,191.95333333333335
12-09-2012 12:00,313.8466666666667
16-07-2012 04:00,7.306666666666667
05-05-2012 13:00,586.1166666666667
14-11-2011 16:00,307.55
11-06-2011 8:00,118.71666666666667
14-12-2011 02:00,6.27
10-07-2011 20:00,273.36333333333334
12-10-2012 9:00,360.40055555555557
01-04-2011 7:00,88.03666666666666
17-05-2011 14:00,155.77
03-01-2012 20:00,119.99666666666667
15-06-2011 09:00,197.49
19-02-2012 00:00,70.40666666666667
10-06-2012 9:00,235.96
17-05-2012 21:00,257.3066666666667
14-03-2012 09:00,327.02666666666664
12-05-2012 17:00,563.6333333333333
13-08-2011 08:00,113.92
10-04-2011 1:00,32.32
05-05-2011 1:00,9.71
15-09-2011 04:00,8.633333333333333
12-05-2012 1:00,101.76888095238093
07-12-2012 12:00,268.2055555555556
10-11-2012 14:00,635.89
14-01-2012 14:00,210.31666666666666
07-07-2011 13:00,165.54
18-01-2012 06:00,86.59
19-08-2011 18:00,503.2266666666667
14-04-2012 20:00,268.67333333333335
08-10-2011 2:00,64.92666666666666
01-07-2011 22:00,167.43333333333334
11-12-2012 3:00,4.81
08-02-2012 16:00,102.14666666666666
12-10-2012 4:00,10.993333333333334
13-10-2011 07:00,102.67666666666666
12-12-2011 13:00,135.34
18-05-2011 17:00,513.2333333333333
19-06-2012 15:00,259.99333333333334
08-01-2012 16:00,315.81
07-09-2011 0:00,21.49
09-02-2011 7:00,85.97
12-10-2012 18:00,580.6933333333334
09-01-2011 22:00,9.593333333333334
11-11-2011 2:00,21.106666666666666
12-06-2011 8:00,94.93666666666667
09-08-2012 7:00,465.49
11-06-2012 23:00,122.22
10-11-2012 6:00,22.586666666666666
10-02-2012 22:00,115.48
04-11-2012 10:00,337.9633333333333
04-08-2012 13:00,481.23333333333335
07-01-2011 22:00,40.18
08-10-2012 6:00,44.61333333333334
14-12-2011 08:00,333.51666666666665
14-06-2012 14:00,270.93333333333334
15-06-2012 14:00,375.00333333333333
01-08-2011 0:00,49.983333333333334
16-07-2011 03:00,27.14666666666667
02-07-2012 23:00,121.68333333333334
13-04-2012 00:00,37.843333333333334
12-05-2012 19:00,463.51
09-05-2011 5:00,23.05666666666667
06-01-2011 19:00,104.01333333333334
03-10-2012 5:00,43.0
17-07-2012 18:00,645.68
12-01-2011 15:00,53.766666666666666
01-04-2012 1:00,68.3
02-06-2011 6:00,101.75333333333333
10-12-2012 3:00,7.783333333333333
16-08-2011 00:00,30.083333333333332
19-12-2012 01:00,16.393333333333334
16-01-2012 18:00,178.03666666666666
01-09-2012 13:00,577.83
11-04-2012 12:00,203.44
12-07-2011 9:00,202.72333333333333
08-02-2011 14:00,58.36
19-12-2011 07:00,230.16333333333333
10-03-2011 16:00,38.49
06-12-2011 2:00,6.486666666666666
12-08-2011 5:00,26.873333333333335
15-09-2011 17:00,271.04333333333335
04-01-2011 16:00,89.38333333333334
07-11-2011 11:00,132.46
05-07-2011 0:00,51.346666666666664
04-03-2011 5:00,11.713333333333333
01-09-2012 11:00,549.0966666666667
05-05-2011 17:00,546.54
10-06-2012 10:00,411.7033333333333
12-05-2011 6:00,89.86
03-03-2012 20:00,187.75666666666666
05-10-2012 15:00,386.72333333333336
15-08-2011 19:00,375.5
11-06-2012 3:00,8.72
17-06-2012 13:00,568.16
01-02-2011 15:00,60.6
01-12-2012 1:00,109.55055555555555
06-03-2012 12:00,142.86
04-08-2011 23:00,131.02
11-03-2012 17:00,411.56333333333333
10-10-2012 9:00,355.94
10-07-2011 19:00,306.95666666666665
06-03-2012 18:00,399.53
14-04-2012 05:00,10.09
02-11-2012 17:00,604.64
07-04-2012 19:00,369.18333333333334
06-04-2012 23:00,101.79666666666667
10-07-2012 8:00,662.29
10-03-2011 10:00,34.06666666666667
05-08-2012 19:00,306.32666666666665
19-09-2012 20:00,393.70666666666665
03-10-2012 4:00,8.38
03-11-2011 10:00,122.40333333333334
10-02-2011 11:00,56.58
01-06-2012 22:00,117.89333333333333
15-02-2011 01:00,7.493333333333333
19-04-2012 15:00,289.94
18-05-2012 07:00,415.4166666666667
18-06-2012 06:00,73.50333333333333
14-06-2011 18:00,546.55
08-09-2012 18:00,382.2633333333333
03-06-2012 0:00,122.58333333333333
02-06-2012 23:00,180.21333333333334
15-09-2012 22:00,254.79666666666665
19-01-2012 09:00,205.68333333333334
14-01-2011 16:00,72.14333333333333
19-10-2012 21:00,218.33
18-05-2012 10:00,243.9
10-09-2011 2:00,57.24
19-11-2012 15:00,230.60333333333332
18-01-2012 01:00,19.24
13-12-2012 10:00,177.11666666666667
12-02-2012 16:00,169.79333333333332
04-09-2012 0:00,33.416666666666664
09-04-2011 21:00,76.7
04-03-2011 13:00,98.66333333333333
06-08-2012 10:00,208.28666666666666
10-09-2012 11:00,249.11666666666667
08-07-2012 21:00,225.67666666666668
18-06-2011 23:00,136.90666666666667
18-02-2012 10:00,200.13666666666666
09-11-2011 11:00,129.56333333333333
14-02-2011 08:00,234.04666666666665
15-02-2012 10:00,123.11666666666666
06-06-2012 15:00,309.33666666666664
12-09-2012 23:00,117.65666666666667
13-05-2012 15:00,583.0066666666667
19-07-2011 18:00,497.48333333333335
14-06-2012 18:00,810.3066666666666
18-09-2011 19:00,282.31
15-07-2011 08:00,443.76666666666665
17-06-2011 04:00,4.576666666666667
01-01-2011 2:00,25.703333333333333
15-03-2012 21:00,234.89666666666668
19-09-2011 01:00,22.94
07-10-2012 0:00,113.73
02-05-2011 11:00,138.14333333333335
01-05-2012 21:00,297.1933333333333
10-11-2012 12:00,591.24
03-04-2011 13:00,299.77666666666664
10-02-2011 14:00,56.88333333333333
19-03-2012 05:00,23.16
15-01-2011 04:00,1.77
17-04-2012 17:00,758.1433333333333
07-01-2011 7:00,86.86
07-11-2012 23:00,86.00666666666666
18-06-2011 10:00,280.89666666666665
10-06-2012 20:00,326.86
09-09-2012 15:00,629.63
11-10-2011 17:00,482.87333333333333
15-04-2012 12:00,613.5366666666666
11-12-2011 15:00,246.83
19-09-2011 12:00,190.74666666666667
06-02-2012 5:00,19.14
15-04-2012 02:00,71.00666666666666
18-06-2012 11:00,192.41333333333333
02-07-2012 6:00,155.23
09-04-2011 7:00,44.10666666666667
03-09-2012 23:00,104.60333333333334
14-09-2011 02:00,5.473333333333334
01-12-2011 19:00,236.02333333333334
12-05-2011 0:00,48.24333333333333
07-11-2012 2:00,7.303333333333334
10-10-2012 23:00,118.18
15-10-2011 07:00,56.18333333333333
10-07-2011 0:00,132.22666666666666
12-04-2011 8:00,235.38
04-05-2011 3:00,8.3
18-10-2011 05:00,14.253333333333334
04-11-2012 22:00,95.91666666666667
18-08-2011 10:00,123.11666666666666
03-08-2011 13:00,162.82666666666665
12-05-2011 21:00,173.99
02-09-2011 6:00,109.64666666666666
13-08-2012 21:00,297.80333333333334
15-07-2012 10:00,403.9433333333333
03-04-2011 17:00,239.72
14-05-2012 14:00,231.28
19-12-2012 11:00,181.76
09-04-2011 12:00,185.5
07-10-2012 21:00,102.57
02-07-2011 13:00,392.61
16-12-2012 03:00,35.47666666666667
08-02-2012 5:00,18.023333333333333
13-01-2011 10:00,48.13666666666666
18-04-2012 05:00,30.66
05-02-2012 12:00,242.55
11-02-2011 23:00,32.236666666666665
06-12-2011 11:00,65.14666666666666
08-10-2012 3:00,9.66
02-03-2012 22:00,129.44333333333333
15-03-2011 04:00,3.39
13-04-2012 01:00,27.083333333333332
09-09-2011 8:00,201.78666666666666
03-12-2011 1:00,67.58666666666667
09-04-2012 17:00,700.7
08-12-2012 22:00,160.06
13-12-2012 13:00,237.26
16-12-2012 19:00,203.49
16-02-2011 14:00,152.91
10-11-2011 10:00,125.27
16-01-2012 19:00,138.81333333333333
09-09-2012 5:00,17.843333333333334
19-01-2012 20:00,145.97666666666666
12-10-2011 19:00,144.45
19-08-2011 15:00,209.00666666666666
18-01-2011 13:00,48.69
06-07-2011 23:00,89.15333333333334
18-05-2011 09:00,184.84
01-06-2012 21:00,236.35666666666665
19-03-2012 01:00,25.356666666666666
12-03-2011 20:00,85.77666666666667
18-07-2011 12:00,174.71666666666667
10-11-2011 1:00,10.76
12-09-2012 7:00,493.6333333333333
01-05-2012 16:00,419.54
11-12-2011 17:00,232.01666666666668
11-03-2011 20:00,78.09
13-10-2011 10:00,100.38333333333334
05-07-2012 19:00,521.93
05-05-2011 14:00,165.6
18-06-2012 10:00,121.65
02-03-2011 18:00,212.04333333333332
13-05-2011 10:00,155.93
02-11-2011 8:00,383.22333333333336
18-11-2012 04:00,9.796666666666667
17-02-2011 13:00,116.16333333333333
19-01-2012 22:00,87.37333333333333
16-05-2012 13:00,311.9
15-11-2011 10:00,126.27333333333333
11-05-2012 1:00,40.23
02-01-2012 20:00,109.64
09-11-2012 9:00,343.58700000000005
19-03-2012 19:00,492.97333333333336
03-12-2011 8:00,84.45333333333333
03-10-2011 12:00,156.36666666666667
11-11-2012 18:00,473.8933333333333
07-11-2011 4:00,4.422277777777778
08-01-2011 14:00,88.44333333333333
14-01-2012 21:00,76.02333333333333
14-11-2011 20:00,258.33
08-02-2012 19:00,183.49666666666667
18-02-2012 01:00,58.49
06-08-2011 19:00,234.75
04-12-2011 11:00,247.59
11-04-2011 17:00,421.6566666666667
08-11-2012 9:00,337.31694444444446
15-12-2012 17:00,354.19
15-06-2011 21:00,226.31666666666666
09-03-2012 4:00,3.7133333333333334
03-05-2012 9:00,333.96
14-04-2011 13:00,124.88
01-10-2012 19:00,493.4166666666667
04-08-2011 15:00,166.11
14-02-2012 09:00,208.23666666666668
16-11-2012 22:00,142.30333333333334
01-04-2011 21:00,90.33333333333333
03-12-2012 12:00,289.82
15-05-2012 20:00,309.85333333333335
17-09-2012 23:00,83.25
18-06-2011 17:00,372.3233333333333
09-09-2012 19:00,465.49666666666667
14-11-2011 06:00,102.33
16-08-2012 09:00,339.275
04-08-2011 19:00,322.06666666666666
06-09-2011 20:00,144.07333333333332
12-04-2012 15:00,281.85
07-01-2012 11:00,190.27333333333334
10-03-2011 12:00,23.406666666666666
15-12-2012 01:00,103.47
07-12-2011 12:00,40.32666666666667
10-04-2011 20:00,122.25666666666666
14-02-2011 06:00,40.02333333333333
08-03-2011 20:00,85.40333333333334
13-09-2011 14:00,180.71666666666667
07-02-2012 21:00,165.42666666666668
14-05-2012 04:00,10.716666666666667
09-05-2011 0:00,73.51666666666667
10-01-2011 6:00,42.34
15-05-2012 10:00,175.50333333333333
16-04-2012 14:00,273.12666666666667
15-01-2012 14:00,208.50666666666666
07-12-2012 3:00,8.528055555555556
09-05-2012 18:00,539.4466666666667
05-03-2011 23:00,52.663333333333334
17-09-2011 15:00,294.82
16-03-2011 21:00,87.11666666666666
15-11-2011 20:00,217.86
10-06-2011 23:00,125.28
13-01-2012 16:00,207.60333333333332
11-06-2011 2:00,69.8
19-10-2012 12:00,338.10333333333335
08-10-2012 12:00,413.83
06-11-2011 12:00,312.89
07-12-2011 21:00,107.71
08-10-2012 0:00,53.21333333333333
16-08-2011 19:00,396.97333333333336
17-11-2012 15:00,492.76666666666665
13-02-2012 18:00,328.00666666666666
10-12-2011 23:00,60.913333333333334
16-01-2012 23:00,36.36666666666667
10-11-2012 0:00,108.94666666666667
08-10-2012 11:00,367.0933333333333
16-08-2011 15:00,167.87
09-08-2011 19:00,382.43333333333334
10-05-2012 18:00,733.32
16-02-2012 15:00,113.29666666666667
04-12-2012 22:00,165.65
12-05-2011 4:00,5.763333333333334
07-07-2012 5:00,14.06
18-03-2012 11:00,416.5
01-07-2012 16:00,421.16333333333336
18-06-2012 03:00,6.583333333333333
10-07-2012 23:00,102.18
02-02-2011 19:00,114.66666666666667
07-12-2011 18:00,77.10666666666667
14-03-2011 06:00,35.483333333333334
18-09-2011 15:00,360.6666666666667
17-03-2012 06:00,20.48
06-10-2012 8:00,208.07666666666665
10-11-2011 10:00,123.14666666666666
08-06-2011 1:00,24.52
14-07-2011 08:00,463.0566666666667
01-08-2011 10:00,112.09333333333333
18-12-2012 00:00,33.07666666666667
09-02-2012 14:00,136.76666666666668
03-04-2011 19:00,174.84666666666666
03-06-2011 1:00,27.966666666666665
15-09-2011 22:00,118.54
01-01-2011 10:00,86.08333333333333
13-03-2011 21:00,43.50666666666667
05-03-2012 13:00,135.92666666666668
14-11-2011 02:00,12.17
02-09-2011 7:00,312.68666666666667
13-08-2011 18:00,284.5
14-10-2011 07:00,117.11666666666666
14-02-2012 02:00,8.143333333333333
05-05-2011 8:00,410.7
06-08-2012 5:00,40.10333333333333
06-09-2012 0:00,52.99333333333333
17-01-2011 10:00,71.45666666666666
07-04-2012 17:00,482.99
18-10-2012 18:00,809.6266666666667
05-11-2011 14:00,329.0133333333333
09-03-2012 7:00,287.18666666666667
04-08-2012 12:00,511.42333333333335
15-10-2012 08:00,734.94
07-09-2011 9:00,148.30666666666667
12-01-2011 13:00,66.02
13-10-2011 16:00,294.5966666666667
06-10-2012 16:00,595.4066666666666
09-09-2011 3:00,5.34
15-09-2012 03:00,33.52
07-04-2012 7:00,80.58
02-04-2012 4:00,9.106666666666667
01-06-2012 11:00,251.28666666666666
11-12-2012 22:00,133.75333333333333
04-11-2012 3:00,21.803333333333335
19-04-2012 22:00,216.62
14-08-2011 19:00,260.36
12-11-2011 3:00,16.536666666666665
15-09-2011 14:00,177.63333333333333
01-07-2012 13:00,413.77
11-11-2011 22:00,76.19333333333333
12-11-2012 8:00,499.32666666666665
06-12-2012 19:00,357.5233333333333
15-07-2012 18:00,336.23
05-05-2012 8:00,203.58
04-06-2012 15:00,283.28
13-01-2012 04:00,2.973333333333333
05-12-2012 13:00,287.1766666666667
11-06-2011 1:00,90.08
12-04-2012 3:00,6.42
10-09-2012 21:00,289.48
18-05-2011 07:00,273.8
02-03-2012 21:00,118.01333333333334
16-01-2012 15:00,186.67333333333335
12-08-2011 13:00,223.99333333333334
14-05-2012 13:00,245.50333333333333
16-11-2011 20:00,113.63333333333334
16-01-2012 04:00,3.5766666666666667
17-02-2012 05:00,16.883333333333333
08-01-2012 17:00,237.73333333333332
14-08-2011 03:00,33.053333333333335
19-04-2012 09:00,339.00666666666666
17-07-2012 02:00,10.823333333333334
11-11-2011 19:00,214.21666666666667
17-09-2011 17:00,281.5733333333333
05-12-2011 3:00,3.6652777777777783
01-02-2012 11:00,135.78
05-07-2011 9:00,200.91666666666666
06-11-2012 1:00,9.1
12-09-2012 16:00,488.7033333333333
14-03-2012 07:00,373.41333333333336
12-07-2011 19:00,372.61333333333334
15-05-2011 05:00,9.756666666666666
16-06-2012 17:00,578.2466666666667
03-04-2011 1:00,34.96333333333333
11-09-2011 14:00,378.72333333333336
06-05-2012 18:00,471.91333333333336
02-10-2011 14:00,186.54
01-06-2011 17:00,473.25333333333333
18-08-2012 04:00,12.143333333333333
12-01-2012 22:00,120.11
02-09-2011 2:00,17.283333333333335
06-04-2012 0:00,34.33
04-05-2011 8:00,87.40333333333334
14-03-2011 07:00,134.24666666666667
19-10-2011 08:00,362.0933333333333
15-04-2011 19:00,187.95
08-03-2012 13:00,231.45666666666668
07-08-2012 2:00,8.8
04-04-2011 3:00,4.71
02-12-2012 21:00,148.90666666666667
08-05-2012 3:00,3.566666666666667
02-06-2012 2:00,78.11666666666666
13-07-2011 08:00,432.6766666666667
11-09-2012 8:00,721.5866666666667
07-09-2012 0:00,61.13
13-11-2011 17:00,287.0366666666667
02-03-2011 3:00,7.95
03-02-2011 13:00,69.15666666666667
13-03-2012 23:00,84.89
03-05-2011 16:00,278.93333333333334
13-10-2011 04:00,6.966666666666667
06-09-2011 5:00,18.95
13-06-2012 09:00,327.1933333333333
07-03-2011 21:00,65.92333333333333
01-08-2011 7:00,306.66
10-05-2012 21:00,238.87333333333333
17-02-2011 06:00,43.67
15-08-2011 21:00,193.32
15-02-2011 00:00,13.676666666666666
02-01-2012 22:00,68.47333333333333
16-12-2012 01:00,101.19166666666666
04-05-2012 7:00,389.23333333333335
09-02-2012 4:00,5.39
10-09-2011 4:00,10.156666666666666
17-09-2011 12:00,324.86
19-11-2012 11:00,169.31666666666666
16-05-2011 16:00,228.02
03-05-2012 23:00,150.33666666666667
03-03-2011 22:00,45.28
17-03-2011 20:00,108.61
13-08-2011 20:00,226.23
04-02-2012 14:00,282.6333333333333
11-09-2011 13:00,388.9766666666667
02-06-2011 18:00,561.8966666666666
09-12-2011 17:00,355.24
03-01-2011 22:00,33.733333333333334
06-03-2011 10:00,66.48333333333333
12-07-2011 21:00,226.35666666666665
13-08-2011 22:00,128.81333333333333
17-06-2011 00:00,44.38666666666666
15-10-2011 20:00,190.37666666666667
10-05-2011 13:00,203.33333333333334
05-02-2012 23:00,50.526666666666664
16-06-2011 11:00,148.46
19-06-2011 01:00,88.18666666666667
15-04-2012 01:00,98.05333333333333
04-02-2011 15:00,89.24
10-01-2012 4:00,4.3933333333333335
04-12-2012 3:00,6.21
01-09-2011 19:00,373.39666666666665
09-11-2011 22:00,120.91333333333333
10-10-2012 0:00,35.8
12-10-2012 22:00,157.07333333333332
02-07-2011 21:00,228.13333333333333
08-06-2011 23:00,93.35333333333334
09-03-2011 16:00,111.29333333333334
11-02-2012 1:00,42.86
05-02-2011 17:00,75.3
03-01-2011 0:00,15.34
11-08-2011 13:00,193.24333333333334
13-12-2011 14:00,145.34
19-12-2011 19:00,264.98333333333335
01-03-2011 3:00,9.796666666666667
16-08-2012 06:00,172.27333333333334
14-10-2012 02:00,73.27666666666667
04-05-2011 9:00,58.81666666666667
09-09-2012 21:00,221.28666666666666
09-05-2012 16:00,408.28
06-08-2011 0:00,112.55333333333333
08-09-2011 6:00,70.86333333333333
17-09-2011 04:00,6.303333333333334
02-02-2011 20:00,60.06
08-12-2011 13:00,133.5
12-04-2012 11:00,198.41666666666666
06-01-2012 3:00,4.406666666666666
13-11-2011 18:00,259.72
12-04-2012 16:00,375.16
13-05-2011 23:00,82.56666666666666
02-01-2011 4:00,6.493333333333333
11-01-2012 21:00,102.08
02-10-2012 1:00,18.333333333333332
03-08-2012 19:00,483.92333333333335
15-09-2012 18:00,564.9433333333334
12-05-2011 20:00,273.0366666666667
19-04-2011 11:00,124.32
11-03-2012 7:00,42.983333333333334
07-11-2012 22:00,100.11
11-05-2011 21:00,184.7
17-03-2011 18:00,224.86
11-02-2011 20:00,63.54666666666667
09-02-2011 16:00,70.56333333333333
07-10-2012 20:00,148.40666666666667
09-01-2011 13:00,90.55666666666667
13-04-2011 15:00,110.65
13-06-2011 12:00,193.10666666666665
07-06-2012 20:00,431.38
05-01-2012 21:00,122.96666666666667
05-09-2012 10:00,216.48666666666668
15-05-2012 15:00,275.87
17-08-2011 01:00,19.84
03-08-2012 3:00,9.58
19-05-2012 19:00,457.48
02-01-2011 2:00,31.063333333333333
16-01-2012 22:00,91.23333333333333
01-09-2012 10:00,425.47
16-06-2011 18:00,372.06
10-10-2012 13:00,300.71666666666664
13-01-2011 18:00,152.69666666666666
10-02-2011 8:00,202.68
10-05-2011 2:00,10.733333333333333
12-07-2011 7:00,307.9433333333333
15-04-2012 20:00,291.97
02-07-2011 22:00,187.06333333333333
04-07-2012 11:00,465.2
09-08-2011 2:00,8.3
09-10-2012 13:00,272.43333333333334
17-11-2012 20:00,205.19666666666666
06-09-2012 5:00,42.876666666666665
13-06-2011 04:00,6.363333333333333
05-09-2012 1:00,20.833333333333332
08-07-2011 13:00,200.22
04-10-2012 19:00,578.3333333333334
02-10-2011 6:00,14.143333333333333
18-06-2011 06:00,37.483333333333334
19-11-2011 23:00,86.60333333333334
09-04-2012 2:00,13.75
07-01-2012 4:00,9.643333333333333
01-05-2012 6:00,118.61666666666666
19-03-2011 12:00,210.17666666666668
06-04-2011 4:00,3.783333333333333
07-11-2012 12:00,195.61
19-06-2012 08:00,623.9
10-03-2011 5:00,10.013333333333334
12-03-2012 21:00,215.91333333333333
16-04-2012 03:00,11.2
17-12-2012 06:00,121.41333333333333
16-12-2011 18:00,318.34
16-10-2011 14:00,449.87
12-09-2012 22:00,232.67333333333335
15-03-2012 17:00,749.5333333333333
07-04-2011 7:00,155.87666666666667
11-11-2011 8:00,223.45
09-08-2011 10:00,125.13
09-07-2012 20:00,403.7033333333333
03-06-2011 9:00,217.06
12-01-2011 18:00,152.35333333333332
14-01-2011 00:00,12.7
14-08-2011 14:00,365.53
08-05-2012 11:00,228.09
09-11-2011 11:00,137.96333333333334
03-12-2012 21:00,196.34666666666666
10-08-2012 6:00,132.97666666666666
01-08-2012 1:00,22.74
09-06-2012 13:00,569.4766666666667
14-09-2011 22:00,158.37333333333333
04-07-2012 13:00,496.58666666666664
01-11-2012 12:00,172.07333333333332
01-10-2012 17:00,750.1933333333334
14-02-2012 20:00,197.47
13-01-2012 16:00,207.77
05-08-2011 16:00,327.67
16-05-2012 06:00,152.97333333333333
05-04-2012 20:00,289.7866666666667
10-10-2011 1:00,51.35
07-03-2011 17:00,198.69
02-09-2012 12:00,446.5833333333333
08-07-2011 4:00,7.113333333333333
15-06-2012 09:00,356.33666666666664
12-01-2011 7:00,88.39
14-08-2012 23:00,153.78333333333333
13-12-2012 17:00,556.5633333333334
14-12-2011 09:00,212.83333333333334
11-03-2012 21:00,131.41333333333333
06-12-2011 9:00,186.43
19-10-2012 23:00,162.36666666666667
18-09-2011 09:00,177.33333333333334
08-04-2012 22:00,152.26
04-01-2012 21:00,86.00666666666666
15-09-2011 11:00,153.44666666666666
15-05-2012 13:00,145.90666666666667
18-12-2012 22:00,143.59333333333333
19-06-2012 23:00,141.53333333333333
05-07-2011 12:00,188.53666666666666
07-08-2012 9:00,336.37666666666667
19-11-2012 22:00,139.01
16-09-2012 16:00,594.9533333333334
14-12-2011 16:00,223.51
01-04-2011 22:00,67.85
02-03-2012 2:00,8.3
16-04-2011 23:00,60.10333333333333
07-09-2012 21:00,286.22
09-07-2012 23:00,125.84
10-12-2011 0:00,74.77333333333333
10-01-2011 3:00,2.69
13-10-2011 19:00,250.76333333333332
05-01-2012 14:00,136.28333333333333
02-08-2011 1:00,22.493333333333332
16-03-2011 12:00,96.77333333333333
04-06-2011 23:00,142.38
15-11-2012 08:00,633.6666666666666
18-10-2011 01:00,20.41
03-10-2012 3:00,6.456666666666667
14-12-2012 06:00,104.93333333333334
14-09-2011 19:00,356.7033333333333
08-07-2012 9:00,231.89666666666668
02-03-2011 19:00,175.87
19-08-2012 14:00,347.91333333333336
16-03-2011 08:00,238.00666666666666
06-12-2011 7:00,284.72333333333336
05-01-2011 20:00,60.20333333333333
11-11-2011 21:00,97.78
14-11-2012 12:00,228.63
03-12-2012 11:00,231.28333333333333
19-03-2012 18:00,719.7033333333334
19-10-2011 15:00,82.94333333333333
15-09-2012 06:00,25.203333333333333
05-04-2011 12:00,78.67
05-10-2011 22:00,135.27666666666667
14-03-2011 22:00,54.32666666666667
17-05-2012 17:00,798.7433333333333
16-03-2012 20:00,215.30666666666667
07-06-2012 11:00,232.14333333333335
07-09-2011 22:00,76.18333333333334
08-01-2011 22:00,28.45
17-04-2011 03:00,23.703333333333333
18-05-2012 05:00,28.256666666666668
17-12-2011 03:00,20.65
01-10-2012 7:00,461.3433333333333
02-12-2012 15:00,532.0733333333334
19-12-2011 09:00,240.30333333333334
07-01-2012 0:00,62.44
16-12-2012 14:00,382.68333333333334
06-10-2012 22:00,192.67
13-02-2011 13:00,155.88333333333333
08-11-2011 6:00,92.79666666666667
19-06-2011 17:00,343.19666666666666
01-10-2012 7:00,453.73
07-08-2011 20:00,207.47333333333333
10-11-2011 23:00,76.46
03-07-2011 18:00,282.2266666666667
19-05-2012 16:00,569.3466666666667
17-11-2012 12:00,487.62333333333333
07-09-2012 22:00,242.59
16-04-2012 01:00,34.693333333333335
17-12-2012 10:00,181.65
03-08-2012 13:00,345.48333333333335
04-02-2012 12:00,238.66666666666666
16-01-2012 04:00,2.6633333333333336
10-08-2011 3:00,5.19
05-12-2011 0:00,21.343333333333334
01-02-2012 19:00,448.23333333333335
08-02-2011 16:00,75.97666666666667
06-10-2012 0:00,111.05666666666667
17-12-2011 23:00,50.31666666666667
05-08-2012 14:00,454.32
17-06-2012 07:00,46.306666666666665
05-07-2011 17:00,546.97
08-06-2011 8:00,447.46
10-11-2011 5:00,15.253333333333334
13-06-2012 14:00,288.33
04-08-2012 15:00,479.6766666666667
05-09-2012 17:00,843.4666666666667
03-06-2011 11:00,178.56666666666666
12-09-2011 0:00,27.553333333333335
10-08-2012 17:00,760.9966666666667
03-07-2011 20:00,176.89666666666668
19-04-2012 08:00,642.6166666666667
12-07-2012 7:00,480.22333333333336
05-03-2012 0:00,14.416666666666666
14-09-2012 20:00,380.11333333333334
05-01-2012 4:00,2.5233333333333334
02-04-2012 17:00,714.48
11-04-2011 4:00,17.4
04-09-2012 10:00,171.12333333333333
13-08-2012 14:00,277.4866666666667
15-01-2012 15:00,206.54333333333332
16-10-2011 10:00,293.84
17-12-2012 13:00,196.13666666666666
02-01-2011 17:00,90.76333333333334
10-10-2012 1:00,18.82
13-09-2012 07:00,480.4533333333333
03-06-2012 16:00,598.3466666666667
07-12-2012 18:00,502.9866666666667
06-04-2012 19:00,407.55333333333334
12-11-2011 15:00,371.88
06-10-2011 4:00,4.173333333333333
09-10-2012 23:00,102.04666666666667
12-04-2012 17:00,700.5966666666667
15-04-2011 13:00,180.12
10-09-2011 3:00,37.42
17-04-2012 14:00,247.00333333333333
18-07-2012 07:00,486.31
08-03-2011 16:00,112.41333333333333
03-01-2012 7:00,205.04333333333332
02-10-2012 23:00,101.48
15-01-2011 07:00,19.58
10-02-2012 11:00,144.93333333333334
17-03-2011 10:00,137.84333333333333
11-01-2011 17:00,123.79333333333334
03-04-2011 8:00,82.04333333333334
08-09-2011 4:00,6.203333333333333
02-02-2012 17:00,464.49333333333334
11-10-2011 3:00,4.826666666666667
06-08-2011 20:00,175.68333333333334
05-02-2011 0:00,32.49333333333333
09-06-2012 10:00,427.85
18-07-2011 13:00,165.62333333333333
15-04-2011 21:00,85.07333333333334
14-05-2011 13:00,260.17333333333335
11-05-2011 20:00,265.83
13-11-2011 03:00,28.143333333333334
07-10-2012 14:00,390.2266666666667
14-04-2012 09:00,286.57666666666665
17-01-2012 19:00,312.31
01-08-2011 11:00,134.4
11-02-2011 12:00,68.84666666666666
02-08-2012 5:00,44.14666666666667
10-12-2011 2:00,59.67333333333333
05-01-2011 19:00,108.87
01-06-2011 10:00,113.66666666666667
18-04-2011 15:00,149.86333333333334
15-03-2011 22:00,49.75333333333333
12-06-2012 15:00,95.47
04-04-2011 0:00,30.493333333333332
08-02-2011 3:00,2.1866666666666665
14-06-2012 15:00,284.32666666666665
14-07-2011 10:00,124.40666666666667
16-02-2011 09:00,129.71666666666667
12-07-2012 18:00,757.7733333333333
08-09-2012 0:00,133.75666666666666
09-11-2011 4:00,3.522833333333333
18-09-2011 20:00,202.16333333333333
03-10-2012 20:00,451.91
11-04-2011 10:00,105.35
17-03-2012 04:00,17.606666666666666
12-07-2012 3:00,7.2
10-12-2012 10:00,156.63
10-11-2011 19:00,238.62666666666667
08-09-2012 3:00,36.11666666666667
08-09-2011 3:00,4.026666666666666
15-06-2011 15:00,178.11
04-06-2011 13:00,399.70666666666665
06-05-2011 12:00,197.98
16-10-2011 09:00,190.48666666666668
18-06-2011 11:00,377.81
15-05-2011 13:00,319.33666666666664
05-01-2012 11:00,136.78333333333333
05-08-2011 3:00,6.2
05-12-2012 10:00,188.82333333333332
02-03-2012 20:00,188.98333333333332
09-11-2012 17:00,590.66
15-03-2011 02:00,6.9
07-06-2012 21:00,327.5
09-06-2012 22:00,281.89666666666665
01-04-2011 12:00,104.56
17-06-2012 02:00,87.84666666666666
18-03-2012 11:00,398.5233333333333
03-01-2011 7:00,86.31666666666666
03-06-2012 22:00,164.48
04-05-2011 11:00,135.97
03-06-2012 10:00,423.89
10-07-2011 5:00,14.053333333333333
12-04-2011 2:00,9.743333333333334
01-08-2012 0:00,46.63333333333333
03-04-2012 2:00,6.28
03-05-2011 8:00,415.1166666666667
17-05-2011 13:00,105.61
19-11-2011 01:00,54.15
14-02-2011 11:00,115.34666666666666
05-06-2011 16:00,417.8666666666667
01-11-2011 6:00,99.29666666666667
09-06-2011 2:00,9.423333333333334
04-01-2012 18:00,226.30666666666667
09-05-2011 5:00,23.143333333333334
06-11-2012 4:00,4.401111111111112
04-12-2012 7:00,406.05
12-01-2012 21:00,166.11666666666667
18-04-2012 14:00,86.21666666666667
12-12-2012 22:00,120.29666666666667
01-08-2012 14:00,272.9633333333333
08-06-2012 20:00,395.72333333333336
05-09-2011 5:00,22.746666666666666
12-03-2012 15:00,248.61333333333334
11-11-2011 3:00,5.1
16-02-2012 00:00,24.65
11-12-2012 0:00,23.563333333333333
06-05-2011 11:00,148.81333333333333
18-08-2012 09:00,311.23333333333335
13-09-2012 09:00,335.62
16-09-2012 05:00,12.226666666666667
03-01-2012 18:00,238.86
03-04-2011 10:00,186.02
19-10-2011 17:00,228.98
07-08-2011 11:00,353.2033333333333
09-12-2011 2:00,9.501666666666667
15-09-2011 02:00,8.873333333333333
15-09-2012 23:00,200.73
07-03-2011 15:00,86.25666666666666
16-11-2011 15:00,76.15333333333334
02-02-2012 11:00,110.75666666666666
09-10-2011 9:00,192.67333333333335
07-11-2012 5:00,51.47
16-12-2011 05:00,35.35666666666667
14-01-2011 23:00,25.44333333333333
19-02-2011 09:00,92.56
17-03-2012 05:00,17.63
